Time	Open	High	Low	Close	Volume
2018-04-17 00:00:00	0.256	0.288	0.24	0.25	68528740
2018-04-18 00:00:00	0.25	0.268	0.243	0.267	34320544
2018-04-19 00:00:00	0.267	0.278	0.258	0.277	50764252
2018-04-20 00:00:00	0.277	0.307	0.266	0.301	70923452
2018-04-21 00:00:00	0.301	0.302	0.265	0.28	90675604
2018-04-22 00:00:00	0.28	0.297	0.277	0.283	47818421
2018-04-23 00:00:00	0.283	0.295	0.281	0.295	37584881
2018-04-24 00:00:00	0.295	0.32	0.291	0.303	94809263
2018-04-25 00:00:00	0.303	0.309	0.255	0.267	123826691
2018-04-26 00:00:00	0.267	0.294	0.261	0.29	63875919
2018-04-27 00:00:00	0.29	0.306	0.281	0.288	69380513
2018-04-28 00:00:00	0.288	0.387	0.287	0.381	181816091
2018-04-29 00:00:00	0.381	0.385	0.342	0.359	153089911
2018-04-30 00:00:00	0.359	0.361	0.32	0.32	97464992
2018-05-01 00:00:00	0.32	0.36	0.319	0.351	113461226
2018-05-02 00:00:00	0.351	0.376	0.345	0.37	64204921
2018-05-03 00:00:00	0.37	0.389	0.364	0.365	90633948
2018-05-04 00:00:00	0.365	0.368	0.347	0.36	52382809
2018-05-05 00:00:00	0.36	0.374	0.359	0.365	47972724
2018-05-06 00:00:00	0.365	0.366	0.335	0.336	64011488
2018-05-07 00:00:00	0.336	0.338	0.291	0.336	63123179
2018-05-08 00:00:00	0.336	0.346	0.316	0.318	45871403
2018-05-09 00:00:00	0.318	0.325	0.298	0.321	60312230
2018-05-10 00:00:00	0.321	0.322	0.282	0.29	46354056
2018-05-11 00:00:00	0.29	0.293	0.249	0.264	134293526
2018-05-12 00:00:00	0.264	0.279	0.234	0.258	149410834
2018-05-13 00:00:00	0.258	0.285	0.256	0.275	79190773
2018-05-14 00:00:00	0.275	0.277	0.251	0.268	88373687
2018-05-15 00:00:00	0.268	0.275	0.251	0.252	44480705
2018-05-16 00:00:00	0.253	0.256	0.237	0.252	53970644
2018-05-17 00:00:00	0.252	0.261	0.23	0.233	42308109
2018-05-18 00:00:00	0.233	0.245	0.231	0.242	39059136
2018-05-19 00:00:00	0.243	0.248	0.236	0.24	31843387
2018-05-20 00:00:00	0.239	0.26	0.238	0.253	49231572
2018-05-21 00:00:00	0.253	0.26	0.243	0.245	40555505
2018-05-22 00:00:00	0.245	0.245	0.216	0.217	49364839
2018-05-23 00:00:00	0.217	0.221	0.193	0.202	108199067
2018-05-24 00:00:00	0.202	0.21	0.189	0.204	77820692
2018-05-25 00:00:00	0.204	0.209	0.194	0.198	74916498
2018-05-26 00:00:00	0.198	0.204	0.192	0.193	78050609
2018-05-27 00:00:00	0.193	0.195	0.19	0.193	67164053
2018-05-28 00:00:00	0.193	0.194	0.171	0.174	97571108
2018-05-29 00:00:00	0.175	0.215	0.171	0.215	160244801
2018-05-30 00:00:00	0.214	0.217	0.197	0.207	164983263
2018-05-31 00:00:00	0.207	0.229	0.203	0.223	167370414
2018-06-01 00:00:00	0.223	0.229	0.213	0.217	120735671
2018-06-02 00:00:00	0.218	0.23	0.217	0.229	111100839
2018-06-03 00:00:00	0.229	0.237	0.223	0.229	119951130
2018-06-04 00:00:00	0.229	0.23	0.209	0.212	115929514
2018-06-05 00:00:00	0.212	0.222	0.202	0.218	126042469
2018-06-06 00:00:00	0.218	0.218	0.208	0.217	95388982
2018-06-07 00:00:00	0.218	0.219	0.208	0.21	88356015
2018-06-08 00:00:00	0.21	0.21	0.2	0.205	88262230
2018-06-09 00:00:00	0.205	0.21	0.192	0.192	83630896
2018-06-10 00:00:00	0.192	0.195	0.168	0.17	138249218
2018-06-11 00:00:00	0.17	0.181	0.164	0.177	88580303
2018-06-12 00:00:00	0.177	0.181	0.158	0.162	91694416
2018-06-13 00:00:00	0.163	0.166	0.145	0.156	124300841
2018-06-14 00:00:00	0.156	0.177	0.153	0.169	200054418
2018-06-15 00:00:00	0.169	0.17	0.16	0.162	116302311
2018-06-16 00:00:00	0.162	0.164	0.158	0.163	75979964
2018-06-17 00:00:00	0.163	0.164	0.159	0.16	84530033
2018-06-18 00:00:00	0.16	0.168	0.155	0.165	104086701
2018-06-19 00:00:00	0.165	0.171	0.161	0.161	97723472
2018-06-20 00:00:00	0.161	0.164	0.157	0.161	97559890
2018-06-21 00:00:00	0.161	0.164	0.157	0.158	82159901
2018-06-22 00:00:00	0.158	0.159	0.134	0.141	131381088
2018-06-23 00:00:00	0.141	0.142	0.133	0.136	87641037
2018-06-24 00:00:00	0.137	0.137	0.119	0.132	144357086
2018-06-25 00:00:00	0.132	0.139	0.126	0.132	113984190
2018-06-26 00:00:00	0.132	0.134	0.124	0.125	65059275
2018-06-27 00:00:00	0.125	0.129	0.123	0.128	91914359
2018-06-28 00:00:00	0.128	0.128	0.117	0.119	102024051
2018-06-29 00:00:00	0.119	0.13	0.114	0.129	130928718
2018-06-30 00:00:00	0.129	0.141	0.129	0.137	164597535
2018-07-01 00:00:00	0.137	0.146	0.133	0.143	151728980
2018-07-02 00:00:00	0.143	0.162	0.138	0.151	190694019
2018-07-03 00:00:00	0.151	0.161	0.148	0.148	177903549
2018-07-04 00:00:00	0.148	0.16	0.146	0.151	106398301
2018-07-05 00:00:00	0.151	0.156	0.143	0.145	122665371
2018-07-06 00:00:00	0.145	0.146	0.138	0.144	94310628
2018-07-07 00:00:00	0.144	0.15	0.137	0.147	97819473
2018-07-08 00:00:00	0.147	0.149	0.144	0.145	86041025
2018-07-09 00:00:00	0.145	0.145	0.138	0.139	76474684
2018-07-10 00:00:00	0.139	0.139	0.127	0.131	114001142
2018-07-11 00:00:00	0.131	0.134	0.125	0.13	95963982
2018-07-12 00:00:00	0.13	0.13	0.122	0.127	89970990
2018-07-13 00:00:00	0.127	0.144	0.125	0.138	153925115
2018-07-14 00:00:00	0.137	0.141	0.133	0.136	116332099
2018-07-15 00:00:00	0.135	0.146	0.135	0.143	103573420
2018-07-16 00:00:00	0.143	0.159	0.14	0.156	156229790
2018-07-17 00:00:00	0.156	0.178	0.15	0.175	215784204
2018-07-18 00:00:00	0.175	0.197	0.173	0.176	420376352
2018-07-19 00:00:00	0.176	0.192	0.171	0.177	280241874
2018-07-20 00:00:00	0.177	0.183	0.154	0.155	252047637
2018-07-21 00:00:00	0.155	0.17	0.155	0.168	169117060
2018-07-22 00:00:00	0.168	0.179	0.164	0.173	192207902
2018-07-23 00:00:00	0.173	0.181	0.163	0.163	190165001
2018-07-24 00:00:00	0.163	0.179	0.16	0.175	245140998
2018-07-25 00:00:00	0.175	0.177	0.166	0.173	170049404
2018-07-26 00:00:00	0.173	0.176	0.162	0.162	152625102
2018-07-27 00:00:00	0.162	0.169	0.155	0.164	162932359
2018-07-28 00:00:00	0.164	0.166	0.159	0.163	94248004
2018-07-29 00:00:00	0.163	0.164	0.159	0.161	88498107
2018-07-30 00:00:00	0.161	0.163	0.147	0.151	115562892
2018-07-31 00:00:00	0.151	0.151	0.139	0.141	138697432
2018-08-01 00:00:00	0.141	0.145	0.135	0.141	125215365
2018-08-02 00:00:00	0.141	0.141	0.125	0.126	138496367
2018-08-03 00:00:00	0.126	0.135	0.123	0.133	132054352
2018-08-04 00:00:00	0.133	0.134	0.124	0.125	101615793
2018-08-05 00:00:00	0.125	0.132	0.124	0.132	96704173
2018-08-06 00:00:00	0.132	0.136	0.126	0.129	103638101
2018-08-07 00:00:00	0.13	0.132	0.12	0.121	121024182
2018-08-08 00:00:00	0.121	0.123	0.109	0.113	162264842
2018-08-09 00:00:00	0.113	0.126	0.113	0.123	178571679
2018-08-10 00:00:00	0.123	0.123	0.111	0.112	164990656
2018-08-11 00:00:00	0.112	0.116	0.107	0.111	131599774
2018-08-12 00:00:00	0.111	0.115	0.11	0.112	81977966
2018-08-13 00:00:00	0.112	0.114	0.092	0.095	132589498
2018-08-14 00:00:00	0.095	0.099	0.084	0.097	175034371
2018-08-15 00:00:00	0.097	0.101	0.093	0.094	176757195
2018-08-16 00:00:00	0.094	0.098	0.091	0.097	125147209
2018-08-17 00:00:00	0.097	0.112	0.096	0.11	247500102
2018-08-18 00:00:00	0.11	0.112	0.095	0.097	198521399
2018-08-19 00:00:00	0.097	0.104	0.096	0.102	122431021
2018-08-20 00:00:00	0.102	0.103	0.092	0.093	139011366
2018-08-21 00:00:00	0.093	0.095	0.09	0.093	129863216
2018-08-22 00:00:00	0.093	0.101	0.087	0.091	189865192
2018-08-23 00:00:00	0.091	0.094	0.088	0.091	127034606
2018-08-24 00:00:00	0.091	0.095	0.09	0.094	122311593
2018-08-25 00:00:00	0.094	0.095	0.092	0.094	121654322
2018-08-26 00:00:00	0.094	0.094	0.091	0.093	106751834
2018-08-27 00:00:00	0.093	0.103	0.092	0.102	178835110
2018-08-28 00:00:00	0.102	0.107	0.1	0.105	207757872
2018-08-29 00:00:00	0.105	0.109	0.101	0.107	222487882
2018-08-30 00:00:00	0.107	0.107	0.097	0.1	193941070
2018-08-31 00:00:00	0.1	0.103	0.099	0.103	148906529
2018-09-01 00:00:00	0.103	0.11	0.103	0.105	204940463
2018-09-02 00:00:00	0.105	0.108	0.102	0.105	152771949
2018-09-03 00:00:00	0.105	0.105	0.102	0.104	110723566
2018-09-04 00:00:00	0.104	0.107	0.103	0.106	140298625
2018-09-05 00:00:00	0.106	0.106	0.081	0.085	255445472
2018-09-06 00:00:00	0.085	0.089	0.081	0.087	164840556
2018-09-07 00:00:00	0.087	0.089	0.081	0.084	133061360
2018-09-08 00:00:00	0.084	0.084	0.077	0.077	132158051
2018-09-09 00:00:00	0.077	0.081	0.074	0.077	161400992
2018-09-10 00:00:00	0.077	0.079	0.067	0.074	174611482
2018-09-11 00:00:00	0.074	0.075	0.066	0.068	181089495
2018-09-12 00:00:00	0.068	0.069	0.061	0.068	311365039
2018-09-13 00:00:00	0.068	0.072	0.065	0.068	298037913
2018-09-14 00:00:00	0.068	0.071	0.065	0.068	228428255
2018-09-15 00:00:00	0.068	0.071	0.067	0.069	152007601
2018-09-16 00:00:00	0.069	0.07	0.066	0.07	147992896
2018-09-17 00:00:00	0.07	0.07	0.062	0.063	202124863
2018-09-18 00:00:00	0.063	0.07	0.062	0.068	233600796
2018-09-19 00:00:00	0.068	0.074	0.066	0.073	373168117
2018-09-20 00:00:00	0.073	0.087	0.071	0.082	357654913
2018-09-21 00:00:00	0.082	0.09	0.081	0.086	540047758
2018-09-22 00:00:00	0.086	0.087	0.079	0.087	208359405
2018-09-23 00:00:00	0.086	0.094	0.084	0.09	421531285
2018-09-24 00:00:00	0.09	0.092	0.08	0.08	342692555
2018-09-25 00:00:00	0.08	0.082	0.074	0.079	313123434
2018-09-26 00:00:00	0.079	0.083	0.076	0.081	250032226
2018-09-27 00:00:00	0.081	0.089	0.078	0.087	354577089
2018-09-28 00:00:00	0.087	0.089	0.081	0.083	312480050
2018-09-29 00:00:00	0.083	0.087	0.081	0.084	204682328
2018-09-30 00:00:00	0.084	0.087	0.083	0.086	190949077
2018-10-01 00:00:00	0.086	0.086	0.082	0.084	133015135
2018-10-02 00:00:00	0.084	0.085	0.082	0.082	134040155
2018-10-03 00:00:00	0.082	0.082	0.078	0.081	143276211
2018-10-04 00:00:00	0.081	0.083	0.081	0.082	125191259
2018-10-05 00:00:00	0.082	0.085	0.08	0.083	118828631
2018-10-06 00:00:00	0.083	0.084	0.081	0.082	107887102
2018-10-07 00:00:00	0.082	0.086	0.08	0.085	132526498
2018-10-08 00:00:00	0.085	0.089	0.083	0.088	181865709
2018-10-09 00:00:00	0.088	0.088	0.085	0.086	132629214
2018-10-10 00:00:00	0.086	0.086	0.083	0.083	141845260
2018-10-11 00:00:00	0.083	0.083	0.069	0.071	263896553
2018-10-12 00:00:00	0.071	0.077	0.071	0.074	156815143
2018-10-13 00:00:00	0.074	0.075	0.073	0.073	106529231
2018-10-14 00:00:00	0.073	0.075	0.07	0.071	135964794
2018-10-15 00:00:00	0.071	0.085	0.071	0.076	291945703
2018-10-16 00:00:00	0.076	0.079	0.076	0.079	116077165
2018-10-17 00:00:00	0.079	0.081	0.077	0.079	133091671
2018-10-18 00:00:00	0.079	0.081	0.075	0.077	125947644
2018-10-19 00:00:00	0.077	0.078	0.076	0.076	79742689
2018-10-20 00:00:00	0.076	0.079	0.076	0.078	96687412
2018-10-21 00:00:00	0.078	0.079	0.077	0.077	98992994
2018-10-22 00:00:00	0.077	0.078	0.076	0.077	61464794
2018-10-23 00:00:00	0.077	0.078	0.074	0.076	55864339
2018-10-24 00:00:00	0.076	0.077	0.075	0.076	41022313
2018-10-25 00:00:00	0.076	0.076	0.074	0.075	31428573
2018-10-26 00:00:00	0.075	0.075	0.073	0.075	30049708
2018-10-27 00:00:00	0.075	0.075	0.073	0.073	25962208
2018-10-28 00:00:00	0.073	0.074	0.073	0.074	25374491
2018-10-29 00:00:00	0.074	0.074	0.069	0.07	59598813
2018-10-30 00:00:00	0.07	0.071	0.07	0.07	28629675
2018-10-31 00:00:00	0.07	0.072	0.068	0.07	45124433
2018-11-01 00:00:00	0.07	0.072	0.07	0.072	31617577
2018-11-02 00:00:00	0.072	0.074	0.071	0.073	38554283
2018-11-03 00:00:00	0.073	0.073	0.071	0.072	32819918
2018-11-04 00:00:00	0.072	0.079	0.072	0.077	115885250
2018-11-05 00:00:00	0.077	0.079	0.075	0.078	63194698
2018-11-06 00:00:00	0.078	0.083	0.077	0.081	113092604
2018-11-07 00:00:00	0.081	0.082	0.078	0.079	91699853
2018-11-08 00:00:00	0.079	0.08	0.076	0.077	93801998
2018-11-09 00:00:00	0.077	0.078	0.074	0.075	59840288
2018-11-10 00:00:00	0.075	0.077	0.074	0.075	31431850
2018-11-11 00:00:00	0.075	0.078	0.075	0.078	52713366
2018-11-12 00:00:00	0.078	0.078	0.076	0.077	47282322
2018-11-13 00:00:00	0.077	0.077	0.074	0.075	47612173
2018-11-14 00:00:00	0.075	0.075	0.062	0.066	161154164
2018-11-15 00:00:00	0.066	0.066	0.058	0.064	192245236
2018-11-16 00:00:00	0.064	0.065	0.06	0.061	88910340
2018-11-17 00:00:00	0.061	0.062	0.06	0.062	55745525
2018-11-18 00:00:00	0.062	0.064	0.061	0.062	57075137
2018-11-19 00:00:00	0.062	0.062	0.051	0.053	215273363
2018-11-20 00:00:00	0.053	0.053	0.043	0.045	376891065
2018-11-21 00:00:00	0.045	0.05	0.043	0.048	208019658
2018-11-22 00:00:00	0.048	0.049	0.044	0.044	107287099
2018-11-23 00:00:00	0.044	0.045	0.042	0.045	135401799
2018-11-24 00:00:00	0.045	0.045	0.037	0.038	182783515
2018-11-25 00:00:00	0.038	0.04	0.033	0.039	263004473
2018-11-26 00:00:00	0.039	0.04	0.035	0.036	257890898
2018-11-27 00:00:00	0.036	0.038	0.034	0.037	158524621
2018-11-28 00:00:00	0.037	0.044	0.037	0.042	330044786
2018-11-29 00:00:00	0.042	0.045	0.04	0.041	239573892
2018-11-30 00:00:00	0.041	0.043	0.038	0.039	183893116
2018-12-01 00:00:00	0.039	0.042	0.038	0.042	127777779
2018-12-02 00:00:00	0.042	0.043	0.041	0.042	142373180
2018-12-03 00:00:00	0.042	0.042	0.038	0.039	148665412
2018-12-04 00:00:00	0.039	0.04	0.037	0.037	165365613
2018-12-05 00:00:00	0.037	0.037	0.034	0.035	243451457
2018-12-06 00:00:00	0.035	0.036	0.029	0.029	223257201
2018-12-07 00:00:00	0.029	0.032	0.027	0.032	259664898
2018-12-08 00:00:00	0.032	0.032	0.028	0.03	163905493
2018-12-09 00:00:00	0.03	0.032	0.03	0.031	149802435
2018-12-10 00:00:00	0.031	0.032	0.029	0.03	115763426
2018-12-11 00:00:00	0.03	0.03	0.029	0.029	95106364
2018-12-12 00:00:00	0.029	0.031	0.029	0.03	88532980
2018-12-13 00:00:00	0.03	0.031	0.029	0.029	96437617
2018-12-14 00:00:00	0.029	0.03	0.028	0.029	78629304
2018-12-15 00:00:00	0.028	0.029	0.028	0.028	58324955
2018-12-16 00:00:00	0.028	0.03	0.028	0.029	82210306
2018-12-17 00:00:00	0.029	0.034	0.029	0.033	211762117
2018-12-18 00:00:00	0.033	0.036	0.031	0.035	213435831
2018-12-19 00:00:00	0.035	0.038	0.033	0.034	309570383
2018-12-20 00:00:00	0.034	0.04	0.034	0.039	321878873
2018-12-21 00:00:00	0.039	0.045	0.038	0.041	449891718
2018-12-22 00:00:00	0.041	0.042	0.038	0.042	208266671
2018-12-23 00:00:00	0.042	0.046	0.041	0.046	251891201
2018-12-24 00:00:00	0.046	0.049	0.04	0.041	351356049
2018-12-25 00:00:00	0.041	0.042	0.038	0.041	233907962
2018-12-26 00:00:00	0.041	0.043	0.038	0.041	185411240
2018-12-27 00:00:00	0.041	0.041	0.035	0.036	169551283
2018-12-28 00:00:00	0.036	0.042	0.036	0.041	179710287
2018-12-29 00:00:00	0.041	0.044	0.039	0.04	240317124
2018-12-30 00:00:00	0.04	0.043	0.04	0.043	180265448
2018-12-31 00:00:00	0.043	0.043	0.04	0.04	150603240
2019-01-01 00:00:00	0.04	0.042	0.04	0.042	111608675
2019-01-02 00:00:00	0.042	0.045	0.041	0.043	165533127
2019-01-03 00:00:00	0.043	0.044	0.042	0.042	146157944
2019-01-04 00:00:00	0.042	0.044	0.042	0.043	103887219
2019-01-05 00:00:00	0.043	0.047	0.042	0.046	179897663
2019-01-06 00:00:00	0.046	0.05	0.044	0.05	294372661
2019-01-07 00:00:00	0.05	0.05	0.047	0.048	241021451
2019-01-08 00:00:00	0.048	0.05	0.046	0.048	206084005
2019-01-09 00:00:00	0.048	0.053	0.048	0.053	279768462
2019-01-10 00:00:00	0.053	0.054	0.041	0.044	464113939
2019-01-11 00:00:00	0.044	0.044	0.042	0.043	228210547
2019-01-12 00:00:00	0.043	0.043	0.042	0.043	105096606
2019-01-13 00:00:00	0.043	0.043	0.039	0.04	149827848
2019-01-14 00:00:00	0.04	0.044	0.04	0.044	192774686
2019-01-15 00:00:00	0.044	0.044	0.041	0.042	156364587
2019-01-16 00:00:00	0.042	0.046	0.042	0.045	196906696
2019-01-17 00:00:00	0.045	0.046	0.043	0.044	217155354
2019-01-18 00:00:00	0.044	0.045	0.043	0.044	90344692
2019-01-19 00:00:00	0.044	0.046	0.043	0.045	99871519
2019-01-20 00:00:00	0.045	0.046	0.041	0.043	143783429
2019-01-21 00:00:00	0.043	0.043	0.042	0.043	86193941
2019-01-22 00:00:00	0.043	0.044	0.041	0.043	121569782
2019-01-23 00:00:00	0.043	0.044	0.042	0.043	83559147
2019-01-24 00:00:00	0.043	0.043	0.042	0.043	57553758
2019-01-25 00:00:00	0.043	0.043	0.042	0.042	41517134
2019-01-26 00:00:00	0.042	0.043	0.042	0.042	60134959
2019-01-27 00:00:00	0.042	0.042	0.04	0.041	92671072
2019-01-28 00:00:00	0.041	0.041	0.037	0.038	184613692
2019-01-29 00:00:00	0.038	0.04	0.037	0.038	131935703
2019-01-30 00:00:00	0.038	0.04	0.038	0.04	113455404
2019-01-31 00:00:00	0.04	0.04	0.038	0.038	92079569
2019-02-01 00:00:00	0.038	0.039	0.037	0.039	79154485
2019-02-02 00:00:00	0.039	0.04	0.038	0.039	55050966
2019-02-03 00:00:00	0.039	0.039	0.038	0.038	59563045
2019-02-04 00:00:00	0.038	0.039	0.038	0.038	47798653
2019-02-05 00:00:00	0.038	0.039	0.038	0.038	57851604
2019-02-06 00:00:00	0.038	0.038	0.036	0.036	100070696
2019-02-07 00:00:00	0.036	0.037	0.036	0.036	53076032
2019-02-08 00:00:00	0.036	0.043	0.036	0.041	178726357
2019-02-09 00:00:00	0.041	0.042	0.041	0.041	114462563
2019-02-10 00:00:00	0.041	0.043	0.04	0.042	126253996
2019-02-11 00:00:00	0.042	0.042	0.041	0.041	84341760
2019-02-12 00:00:00	0.041	0.042	0.041	0.042	73790164
2019-02-13 00:00:00	0.042	0.042	0.041	0.041	56339341
2019-02-14 00:00:00	0.041	0.041	0.04	0.04	54062527
2019-02-15 00:00:00	0.04	0.042	0.04	0.041	51171948
2019-02-16 00:00:00	0.041	0.041	0.041	0.041	40461312
2019-02-17 00:00:00	0.041	0.042	0.041	0.042	68776164
2019-02-18 00:00:00	0.042	0.047	0.041	0.047	253100568
2019-02-19 00:00:00	0.047	0.049	0.045	0.045	262760871
2019-02-20 00:00:00	0.045	0.048	0.045	0.047	152175913
2019-02-21 00:00:00	0.047	0.048	0.044	0.045	142870674
2019-02-22 00:00:00	0.045	0.046	0.045	0.046	101531353
2019-02-23 00:00:00	0.046	0.049	0.045	0.049	166770318
2019-02-24 00:00:00	0.049	0.051	0.041	0.043	330950613
2019-02-25 00:00:00	0.043	0.044	0.042	0.043	149066941
2019-02-26 00:00:00	0.043	0.044	0.042	0.043	102327226
2019-02-27 00:00:00	0.043	0.043	0.041	0.043	99403594
2019-02-28 00:00:00	0.043	0.044	0.042	0.043	76489958
2019-03-01 00:00:00	0.043	0.044	0.043	0.043	50957794
2019-03-02 00:00:00	0.043	0.043	0.042	0.043	56528679
2019-03-03 00:00:00	0.043	0.043	0.042	0.042	41298188
2019-03-04 00:00:00	0.042	0.042	0.039	0.04	95028429
2019-03-05 00:00:00	0.04	0.043	0.04	0.043	127399150
2019-03-06 00:00:00	0.043	0.043	0.042	0.043	73112926
2019-03-07 00:00:00	0.043	0.043	0.042	0.043	87752296
2019-03-08 00:00:00	0.043	0.044	0.042	0.043	97781797
2019-03-09 00:00:00	0.043	0.047	0.043	0.046	246785490
2019-03-10 00:00:00	0.046	0.046	0.044	0.046	141230052
2019-03-11 00:00:00	0.046	0.048	0.045	0.047	262569669
2019-03-12 00:00:00	0.047	0.048	0.046	0.047	136060513
2019-03-13 00:00:00	0.047	0.049	0.046	0.047	125819302
2019-03-14 00:00:00	0.047	0.048	0.046	0.048	127950173
2019-03-15 00:00:00	0.048	0.051	0.048	0.05	205896972
2019-03-16 00:00:00	0.05	0.052	0.049	0.05	212522951
2019-03-17 00:00:00	0.05	0.051	0.049	0.05	111726811
2019-03-18 00:00:00	0.05	0.051	0.049	0.05	99766877
2019-03-19 00:00:00	0.05	0.053	0.049	0.051	161254759
2019-03-20 00:00:00	0.051	0.054	0.051	0.053	183658558
2019-03-21 00:00:00	0.053	0.055	0.05	0.052	288918714
2019-03-22 00:00:00	0.052	0.059	0.052	0.057	425876959
2019-03-23 00:00:00	0.057	0.065	0.057	0.062	551126638
2019-03-24 00:00:00	0.062	0.063	0.059	0.06	402506422
2019-03-25 00:00:00	0.06	0.061	0.056	0.061	320158850
2019-03-26 00:00:00	0.061	0.062	0.059	0.061	259531147
2019-03-27 00:00:00	0.061	0.068	0.061	0.066	383963787
2019-03-28 00:00:00	0.066	0.068	0.064	0.067	193736542
2019-03-29 00:00:00	0.068	0.073	0.067	0.072	326282898
2019-03-30 00:00:00	0.072	0.073	0.069	0.071	211884411
2019-03-31 00:00:00	0.071	0.072	0.069	0.071	131509069
2019-04-01 00:00:00	0.071	0.073	0.069	0.072	159966680
2019-04-02 00:00:00	0.072	0.09	0.071	0.09	537438495
2019-04-03 00:00:00	0.09	0.1	0.082	0.09	768162518
2019-04-04 00:00:00	0.09	0.094	0.082	0.089	468765476
2019-04-05 00:00:00	0.089	0.092	0.087	0.09	210394566
2019-04-06 00:00:00	0.09	0.094	0.087	0.089	179496056
2019-04-07 00:00:00	0.089	0.092	0.088	0.091	154915224
2019-04-08 00:00:00	0.091	0.092	0.081	0.084	258737984
2019-04-09 00:00:00	0.084	0.086	0.08	0.084	212025108
2019-04-10 00:00:00	0.084	0.092	0.084	0.088	232840113
2019-04-11 00:00:00	0.088	0.089	0.076	0.083	318686895
2019-04-12 00:00:00	0.083	0.085	0.079	0.082	167867918
2019-04-13 00:00:00	0.082	0.085	0.082	0.083	88801148
2019-04-14 00:00:00	0.083	0.085	0.081	0.084	109338638
2019-04-15 00:00:00	0.084	0.085	0.08	0.082	98427211
2019-04-16 00:00:00	0.082	0.084	0.079	0.083	82921822
2019-04-17 00:00:00	0.083	0.084	0.081	0.082	73325563
2019-04-18 00:00:00	0.082	0.083	0.081	0.081	111336226
2019-04-19 00:00:00	0.081	0.081	0.075	0.078	158287782
2019-04-20 00:00:00	0.078	0.079	0.074	0.077	138067149
2019-04-21 00:00:00	0.077	0.077	0.071	0.073	164590518
2019-04-22 00:00:00	0.073	0.079	0.071	0.078	183085879
2019-04-23 00:00:00	0.078	0.08	0.073	0.073	213174145
2019-04-24 00:00:00	0.073	0.075	0.068	0.073	219447595
2019-04-25 00:00:00	0.073	0.076	0.067	0.069	207056925
2019-04-26 00:00:00	0.069	0.073	0.067	0.069	143664957
2019-04-27 00:00:00	0.069	0.072	0.069	0.071	76017826
2019-04-28 00:00:00	0.071	0.071	0.068	0.069	54246947
2019-04-29 00:00:00	0.069	0.069	0.064	0.065	90409427
2019-04-30 00:00:00	0.065	0.071	0.065	0.07	83048910
2019-05-01 00:00:00	0.07	0.07	0.067	0.068	63813002
2019-05-02 00:00:00	0.068	0.07	0.068	0.069	57258286
2019-05-03 00:00:00	0.069	0.072	0.067	0.072	161876023
2019-05-04 00:00:00	0.072	0.072	0.066	0.067	115488454
2019-05-05 00:00:00	0.067	0.068	0.065	0.065	56185914
2019-05-06 00:00:00	0.065	0.069	0.063	0.068	98134189
2019-05-07 00:00:00	0.068	0.069	0.062	0.063	102803794
2019-05-08 00:00:00	0.063	0.065	0.063	0.065	54969276
2019-05-09 00:00:00	0.065	0.065	0.06	0.06	97612054
2019-05-10 00:00:00	0.06	0.065	0.059	0.064	152658287
2019-05-11 00:00:00	0.064	0.079	0.063	0.073	366577790
2019-05-12 00:00:00	0.073	0.077	0.068	0.071	265017439
2019-05-13 00:00:00	0.071	0.076	0.07	0.074	215398979
2019-05-14 00:00:00	0.074	0.088	0.073	0.086	379454824
2019-05-15 00:00:00	0.086	0.099	0.083	0.097	231646379
2019-05-16 00:00:00	0.097	0.101	0.083	0.088	444412904
2019-05-17 00:00:00	0.088	0.088	0.076	0.081	370379466
2019-05-18 00:00:00	0.081	0.084	0.078	0.079	141782417
2019-05-19 00:00:00	0.079	0.088	0.079	0.083	269062279
2019-05-20 00:00:00	0.083	0.087	0.079	0.084	201760201
2019-05-21 00:00:00	0.084	0.086	0.082	0.085	124376666
2019-05-22 00:00:00	0.085	0.085	0.076	0.078	139321705
2019-05-23 00:00:00	0.078	0.084	0.074	0.081	147107026
2019-05-24 00:00:00	0.081	0.083	0.078	0.08	130090921
2019-05-25 00:00:00	0.08	0.082	0.079	0.08	81270227
2019-05-26 00:00:00	0.08	0.087	0.078	0.086	134774792
2019-05-27 00:00:00	0.086	0.094	0.084	0.09	223124430
2019-05-28 00:00:00	0.09	0.094	0.087	0.091	184119293
2019-05-29 00:00:00	0.091	0.094	0.085	0.093	183796681
2019-05-30 00:00:00	0.093	0.097	0.08	0.085	339408770
2019-05-31 00:00:00	0.085	0.09	0.081	0.09	165345793
2019-06-01 00:00:00	0.09	0.094	0.085	0.094	170346809
2019-06-02 00:00:00	0.094	0.098	0.092	0.094	284477408
2019-06-03 00:00:00	0.094	0.098	0.084	0.087	325470747
2019-06-04 00:00:00	0.087	0.088	0.079	0.083	239268824
2019-06-05 00:00:00	0.083	0.084	0.079	0.082	100570723
2019-06-06 00:00:00	0.082	0.084	0.078	0.083	139508724
2019-06-07 00:00:00	0.083	0.087	0.082	0.086	102895394
2019-06-08 00:00:00	0.086	0.086	0.082	0.083	62647521
2019-06-09 00:00:00	0.083	0.084	0.077	0.079	86474251
2019-06-10 00:00:00	0.079	0.086	0.079	0.085	116886386
2019-06-11 00:00:00	0.085	0.089	0.082	0.086	166319306
2019-06-12 00:00:00	0.086	0.096	0.086	0.096	314948792
2019-06-13 00:00:00	0.096	0.097	0.088	0.089	224469777
2019-06-14 00:00:00	0.089	0.092	0.085	0.091	193345095
2019-06-15 00:00:00	0.091	0.093	0.09	0.091	107531914
2019-06-16 00:00:00	0.091	0.094	0.09	0.092	176656576
2019-06-17 00:00:00	0.093	0.094	0.091	0.093	87065945
2019-06-18 00:00:00	0.093	0.093	0.088	0.09	98187601
2019-06-19 00:00:00	0.09	0.092	0.087	0.088	72001571
2019-06-20 00:00:00	0.088	0.089	0.085	0.088	109325110
2019-06-21 00:00:00	0.088	0.091	0.088	0.089	148191538
2019-06-22 00:00:00	0.089	0.098	0.089	0.095	306644599
2019-06-23 00:00:00	0.095	0.104	0.095	0.095	390921741
2019-06-24 00:00:00	0.095	0.1	0.094	0.097	157750644
2019-06-25 00:00:00	0.097	0.098	0.094	0.097	143898404
2019-06-26 00:00:00	0.097	0.107	0.095	0.098	474283511
2019-06-27 00:00:00	0.098	0.099	0.083	0.088	309841307
2019-06-28 00:00:00	0.088	0.09	0.085	0.088	190414801
2019-06-29 00:00:00	0.088	0.091	0.084	0.09	138279934
2019-06-30 00:00:00	0.09	0.09	0.081	0.084	162165268
2019-07-01 00:00:00	0.084	0.086	0.08	0.082	126314844
2019-07-02 00:00:00	0.082	0.083	0.077	0.082	184560794
2019-07-03 00:00:00	0.082	0.083	0.079	0.081	124606262
2019-07-04 00:00:00	0.081	0.082	0.077	0.077	99880464
2019-07-05 00:00:00	0.077	0.078	0.076	0.077	63184328
2019-07-06 00:00:00	0.077	0.081	0.076	0.077	77225089
2019-07-07 00:00:00	0.077	0.08	0.077	0.079	52357084
2019-07-08 00:00:00	0.079	0.082	0.079	0.08	84192032
2019-07-09 00:00:00	0.08	0.081	0.077	0.078	79371910
2019-07-10 00:00:00	0.078	0.078	0.069	0.071	132493373
2019-07-11 00:00:00	0.071	0.072	0.062	0.066	145496061
2019-07-12 00:00:00	0.066	0.071	0.063	0.069	97129273
2019-07-13 00:00:00	0.069	0.071	0.064	0.066	81457632
2019-07-14 00:00:00	0.066	0.067	0.055	0.056	139441613
2019-07-15 00:00:00	0.056	0.06	0.056	0.06	129644690
2019-07-16 00:00:00	0.06	0.061	0.05	0.052	157999817
2019-07-17 00:00:00	0.052	0.058	0.05	0.055	141448233
2019-07-18 00:00:00	0.055	0.06	0.053	0.059	125527967
2019-07-19 00:00:00	0.059	0.061	0.056	0.06	88085694
2019-07-20 00:00:00	0.06	0.065	0.059	0.064	118287779
2019-07-21 00:00:00	0.064	0.064	0.059	0.061	64741487
2019-07-22 00:00:00	0.061	0.062	0.058	0.059	66304232
2019-07-23 00:00:00	0.059	0.06	0.054	0.054	85802112
2019-07-24 00:00:00	0.054	0.061	0.054	0.06	102884311
2019-07-25 00:00:00	0.06	0.061	0.057	0.057	70715572
2019-07-26 00:00:00	0.057	0.064	0.057	0.063	110563778
2019-07-27 00:00:00	0.063	0.063	0.057	0.059	85483611
2019-07-28 00:00:00	0.059	0.06	0.057	0.059	55367520
2019-07-29 00:00:00	0.059	0.063	0.058	0.06	71167427
2019-07-30 00:00:00	0.06	0.061	0.059	0.06	52423129
2019-07-31 00:00:00	0.06	0.061	0.059	0.06	84317239
2019-08-01 00:00:00	0.06	0.06	0.058	0.058	66994440
2019-08-02 00:00:00	0.058	0.059	0.056	0.057	73407798
2019-08-03 00:00:00	0.057	0.058	0.057	0.057	34152491
2019-08-04 00:00:00	0.057	0.058	0.056	0.056	70681863
2019-08-05 00:00:00	0.056	0.058	0.056	0.056	96055210
2019-08-06 00:00:00	0.056	0.056	0.053	0.053	91651641
2019-08-07 00:00:00	0.053	0.054	0.051	0.052	91201982
2019-08-08 00:00:00	0.052	0.053	0.05	0.052	97403703
2019-08-09 00:00:00	0.052	0.052	0.047	0.049	101733958
2019-08-10 00:00:00	0.049	0.053	0.048	0.053	159250171
2019-08-11 00:00:00	0.053	0.056	0.052	0.054	129122050
2019-08-12 00:00:00	0.054	0.055	0.053	0.053	55380639
2019-08-13 00:00:00	0.053	0.053	0.049	0.052	98283323
2019-08-14 00:00:00	0.052	0.054	0.047	0.048	126302100
2019-08-15 00:00:00	0.048	0.048	0.046	0.046	55291585
2019-08-16 00:00:00	0.046	0.048	0.045	0.047	84703569
2019-08-17 00:00:00	0.047	0.048	0.046	0.047	55993941
2019-08-18 00:00:00	0.047	0.051	0.047	0.051	78689435
2019-08-19 00:00:00	0.051	0.051	0.049	0.05	46319844
2019-08-20 00:00:00	0.05	0.05	0.048	0.049	60694785
2019-08-21 00:00:00	0.049	0.049	0.046	0.048	62863800
2019-08-22 00:00:00	0.048	0.051	0.047	0.05	110064375
2019-08-23 00:00:00	0.05	0.05	0.049	0.05	79619146
2019-08-24 00:00:00	0.05	0.052	0.048	0.05	95076769
2019-08-25 00:00:00	0.05	0.053	0.048	0.051	148484218
2019-08-26 00:00:00	0.051	0.051	0.049	0.05	78037937
2019-08-27 00:00:00	0.05	0.05	0.048	0.05	43997702
2019-08-28 00:00:00	0.05	0.05	0.045	0.045	101957179
2019-08-29 00:00:00	0.045	0.045	0.043	0.044	83305928
2019-08-30 00:00:00	0.044	0.046	0.044	0.045	44771355
2019-08-31 00:00:00	0.045	0.045	0.044	0.045	39791698
2019-09-01 00:00:00	0.045	0.045	0.044	0.044	32611430
2019-09-02 00:00:00	0.044	0.046	0.043	0.045	78020086
2019-09-03 00:00:00	0.045	0.047	0.044	0.046	118172199
2019-09-04 00:00:00	0.046	0.047	0.045	0.045	57141401
2019-09-05 00:00:00	0.045	0.045	0.044	0.044	57043826
2019-09-06 00:00:00	0.044	0.045	0.043	0.044	99694609
2019-09-07 00:00:00	0.044	0.047	0.044	0.046	85495333
2019-09-08 00:00:00	0.046	0.048	0.046	0.046	83378632
2019-09-09 00:00:00	0.046	0.047	0.045	0.047	86311420
2019-09-10 00:00:00	0.047	0.048	0.046	0.046	113618699
2019-09-11 00:00:00	0.046	0.046	0.044	0.045	74837032
2019-09-12 00:00:00	0.045	0.046	0.044	0.045	74223960
2019-09-13 00:00:00	0.045	0.046	0.045	0.046	35078176
2019-09-14 00:00:00	0.046	0.047	0.045	0.047	86649123
2019-09-15 00:00:00	0.047	0.047	0.046	0.047	41518451
2019-09-16 00:00:00	0.047	0.047	0.046	0.047	73430289
2019-09-17 00:00:00	0.047	0.051	0.047	0.05	191408412
2019-09-18 00:00:00	0.05	0.056	0.05	0.052	386927167
2019-09-19 00:00:00	0.052	0.055	0.049	0.051	301310817
2019-09-20 00:00:00	0.051	0.053	0.05	0.053	182268950
2019-09-21 00:00:00	0.053	0.053	0.051	0.051	139836878
2019-09-22 00:00:00	0.051	0.051	0.048	0.048	252351115
2019-09-23 00:00:00	0.048	0.049	0.045	0.046	221018835
2019-09-24 00:00:00	0.046	0.047	0.035	0.038	434487060
2019-09-25 00:00:00	0.038	0.04	0.036	0.039	252795854
2019-09-26 00:00:00	0.039	0.04	0.035	0.038	259556909
2019-09-27 00:00:00	0.038	0.04	0.037	0.039	147407065
2019-09-28 00:00:00	0.039	0.04	0.038	0.038	134042874
2019-09-29 00:00:00	0.038	0.039	0.036	0.037	126256757
2019-09-30 00:00:00	0.037	0.039	0.036	0.038	183594217
2019-10-01 00:00:00	0.038	0.04	0.038	0.038	109565393
2019-10-02 00:00:00	0.038	0.039	0.038	0.039	94694591
2019-10-03 00:00:00	0.039	0.04	0.037	0.038	138589220
2019-10-04 00:00:00	0.038	0.04	0.037	0.039	172164291
2019-10-05 00:00:00	0.039	0.04	0.039	0.04	118214219
2019-10-06 00:00:00	0.04	0.04	0.038	0.039	112568715
2019-10-07 00:00:00	0.039	0.042	0.038	0.041	257396752
2019-10-08 00:00:00	0.041	0.042	0.04	0.041	160851901
2019-10-09 00:00:00	0.041	0.043	0.041	0.042	184320700
2019-10-10 00:00:00	0.042	0.042	0.041	0.041	164388901
2019-10-11 00:00:00	0.041	0.042	0.04	0.04	189864094
2019-10-12 00:00:00	0.04	0.041	0.04	0.041	82220631
2019-10-13 00:00:00	0.041	0.042	0.04	0.041	88594246
2019-10-14 00:00:00	0.041	0.042	0.041	0.042	128675038
2019-10-15 00:00:00	0.042	0.042	0.039	0.04	131533219
2019-10-16 00:00:00	0.04	0.04	0.038	0.038	120971871
2019-10-17 00:00:00	0.038	0.04	0.038	0.039	97996350
2019-10-18 00:00:00	0.039	0.039	0.037	0.038	104233820
2019-10-19 00:00:00	0.038	0.04	0.038	0.039	105979837
2019-10-20 00:00:00	0.039	0.04	0.038	0.039	81557603
2019-10-21 00:00:00	0.039	0.04	0.038	0.04	96666519
2019-10-22 00:00:00	0.04	0.04	0.038	0.039	89041993
2019-10-23 00:00:00	0.039	0.039	0.035	0.037	168340546
2019-10-24 00:00:00	0.037	0.038	0.036	0.037	121119034
2019-10-25 00:00:00	0.037	0.043	0.037	0.042	294955886
2019-10-26 00:00:00	0.042	0.043	0.039	0.04	363917197
2019-10-27 00:00:00	0.04	0.044	0.039	0.044	366734622
2019-10-28 00:00:00	0.044	0.045	0.042	0.043	230078903
2019-10-29 00:00:00	0.043	0.044	0.042	0.044	166096485
2019-10-30 00:00:00	0.044	0.045	0.041	0.042	157462423
2019-10-31 00:00:00	0.042	0.042	0.04	0.041	143626463
2019-11-01 00:00:00	0.041	0.043	0.041	0.042	111580716
2019-11-02 00:00:00	0.042	0.043	0.042	0.043	74331106
2019-11-03 00:00:00	0.043	0.043	0.041	0.041	60550466
2019-11-04 00:00:00	0.041	0.044	0.041	0.044	125471339
2019-11-05 00:00:00	0.044	0.045	0.043	0.044	168550504
2019-11-06 00:00:00	0.044	0.046	0.044	0.045	140593935
2019-11-07 00:00:00	0.045	0.045	0.043	0.043	134590978
2019-11-08 00:00:00	0.043	0.044	0.041	0.042	140924079
2019-11-09 00:00:00	0.042	0.043	0.042	0.042	58784608
2019-11-10 00:00:00	0.042	0.044	0.042	0.044	113367632
2019-11-11 00:00:00	0.044	0.044	0.042	0.043	100320486
2019-11-12 00:00:00	0.043	0.045	0.043	0.043	150375648
2019-11-13 00:00:00	0.043	0.044	0.043	0.043	75627839
2019-11-14 00:00:00	0.043	0.043	0.042	0.042	80945016
2019-11-15 00:00:00	0.042	0.045	0.042	0.044	146992038
2019-11-16 00:00:00	0.044	0.045	0.043	0.044	93877282
2019-11-17 00:00:00	0.044	0.046	0.043	0.045	158235473
2019-11-18 00:00:00	0.045	0.046	0.043	0.043	221950383
2019-11-19 00:00:00	0.043	0.043	0.041	0.042	178787126
2019-11-20 00:00:00	0.042	0.042	0.04	0.041	124721774
2019-11-21 00:00:00	0.041	0.041	0.037	0.038	171346172
2019-11-22 00:00:00	0.038	0.039	0.034	0.037	330157770
2019-11-23 00:00:00	0.037	0.039	0.037	0.038	136676957
2019-11-24 00:00:00	0.038	0.038	0.034	0.035	213979226
2019-11-25 00:00:00	0.035	0.037	0.032	0.036	281901573
2019-11-26 00:00:00	0.036	0.037	0.035	0.037	134097102
2019-11-27 00:00:00	0.037	0.04	0.035	0.039	219440895
2019-11-28 00:00:00	0.039	0.04	0.038	0.04	159438990
2019-11-29 00:00:00	0.04	0.042	0.039	0.041	314603965
2019-11-30 00:00:00	0.041	0.042	0.04	0.04	151984301
2019-12-01 00:00:00	0.04	0.04	0.038	0.039	140451402
2019-12-02 00:00:00	0.039	0.039	0.037	0.038	116067712
2019-12-03 00:00:00	0.038	0.039	0.037	0.037	87684884
2019-12-04 00:00:00	0.037	0.039	0.036	0.037	168712342
2019-12-05 00:00:00	0.037	0.038	0.037	0.038	90487061
2019-12-06 00:00:00	0.038	0.038	0.037	0.038	67141184
2019-12-07 00:00:00	0.038	0.039	0.038	0.038	65680555
2019-12-08 00:00:00	0.038	0.039	0.038	0.039	56611533
2019-12-09 00:00:00	0.039	0.039	0.037	0.037	89119696
2019-12-10 00:00:00	0.037	0.038	0.036	0.036	87350523
2019-12-11 00:00:00	0.036	0.037	0.036	0.036	66303553
2019-12-12 00:00:00	0.036	0.037	0.036	0.036	75729405
2019-12-13 00:00:00	0.036	0.037	0.036	0.037	76380757
2019-12-14 00:00:00	0.037	0.037	0.036	0.036	100629195
2019-12-15 00:00:00	0.036	0.037	0.036	0.036	54772157
2019-12-16 00:00:00	0.036	0.036	0.033	0.034	121634589
2019-12-17 00:00:00	0.034	0.034	0.031	0.032	178803639
2019-12-18 00:00:00	0.032	0.035	0.03	0.034	195339424
2019-12-19 00:00:00	0.034	0.034	0.033	0.033	120862784
2019-12-20 00:00:00	0.033	0.034	0.033	0.034	83849084
2019-12-21 00:00:00	0.034	0.034	0.033	0.033	47996631
2019-12-22 00:00:00	0.033	0.035	0.033	0.034	75594075
2019-12-23 00:00:00	0.034	0.035	0.033	0.033	93469058
2019-12-24 00:00:00	0.033	0.035	0.033	0.034	116532761
2019-12-25 00:00:00	0.034	0.034	0.033	0.033	46153615
2019-12-26 00:00:00	0.033	0.035	0.033	0.034	80603395
2019-12-27 00:00:00	0.034	0.034	0.032	0.033	167371731
2019-12-28 00:00:00	0.033	0.034	0.033	0.033	70443741
2019-12-29 00:00:00	0.033	0.035	0.033	0.034	57540343
2019-12-30 00:00:00	0.034	0.034	0.033	0.033	49855241
2019-12-31 00:00:00	0.033	0.034	0.033	0.033	45357195
2020-01-01 00:00:00	0.033	0.034	0.033	0.033	29681739
2020-01-02 00:00:00	0.033	0.033	0.032	0.033	44234186
2020-01-03 00:00:00	0.033	0.034	0.032	0.034	105833993
2020-01-04 00:00:00	0.034	0.035	0.034	0.034	53596160
2020-01-05 00:00:00	0.034	0.035	0.034	0.035	72508190
2020-01-06 00:00:00	0.035	0.038	0.035	0.037	152026067
2020-01-07 00:00:00	0.037	0.038	0.036	0.038	207877216
2020-01-08 00:00:00	0.038	0.039	0.036	0.036	210790573
2020-01-09 00:00:00	0.036	0.036	0.035	0.036	84964997
2020-01-10 00:00:00	0.036	0.037	0.035	0.037	160731299
2020-01-11 00:00:00	0.037	0.038	0.036	0.037	81808532
2020-01-12 00:00:00	0.037	0.038	0.037	0.037	76329796
2020-01-13 00:00:00	0.037	0.037	0.037	0.037	58422766
2020-01-14 00:00:00	0.037	0.043	0.037	0.042	457325686
2020-01-15 00:00:00	0.042	0.043	0.04	0.042	298694035
2020-01-16 00:00:00	0.042	0.042	0.04	0.041	156234501
2020-01-17 00:00:00	0.041	0.046	0.041	0.045	362812784
2020-01-18 00:00:00	0.045	0.046	0.043	0.045	222367247
2020-01-19 00:00:00	0.045	0.046	0.041	0.042	262029083
2020-01-20 00:00:00	0.042	0.044	0.042	0.044	166731706
2020-01-21 00:00:00	0.044	0.047	0.044	0.046	283715048
2020-01-22 00:00:00	0.046	0.047	0.045	0.046	119719690
2020-01-23 00:00:00	0.046	0.046	0.042	0.043	196897659
2020-01-24 00:00:00	0.043	0.045	0.041	0.044	221173004
2020-01-25 00:00:00	0.044	0.044	0.043	0.043	111235073
2020-01-26 00:00:00	0.043	0.045	0.043	0.045	156088813
2020-01-27 00:00:00	0.045	0.049	0.044	0.048	303155687
2020-01-28 00:00:00	0.048	0.055	0.047	0.053	726248740
2020-01-29 00:00:00	0.053	0.058	0.052	0.053	561214852
2020-01-30 00:00:00	0.053	0.057	0.053	0.056	422414324
2020-01-31 00:00:00	0.056	0.057	0.052	0.054	422934138
2020-02-01 00:00:00	0.054	0.057	0.053	0.055	335619397
2020-02-02 00:00:00	0.055	0.059	0.055	0.057	530994408
2020-02-03 00:00:00	0.057	0.058	0.056	0.057	280288299
2020-02-04 00:00:00	0.057	0.058	0.054	0.056	291695469
2020-02-05 00:00:00	0.056	0.06	0.056	0.059	346682747
2020-02-06 00:00:00	0.059	0.061	0.058	0.06	341834450
2020-02-07 00:00:00	0.06	0.063	0.059	0.059	295937686
2020-02-08 00:00:00	0.059	0.061	0.057	0.061	239387617
2020-02-09 00:00:00	0.061	0.062	0.06	0.062	201775880
2020-02-10 00:00:00	0.062	0.062	0.058	0.059	268646012
2020-02-11 00:00:00	0.059	0.064	0.059	0.064	278269787
2020-02-12 00:00:00	0.064	0.07	0.064	0.07	446732619
2020-02-13 00:00:00	0.07	0.072	0.065	0.069	522142238
2020-02-14 00:00:00	0.069	0.071	0.067	0.071	294002776
2020-02-15 00:00:00	0.071	0.071	0.062	0.065	401087579
2020-02-16 00:00:00	0.065	0.067	0.057	0.06	489224820
2020-02-17 00:00:00	0.06	0.061	0.056	0.06	430305607
2020-02-18 00:00:00	0.06	0.064	0.058	0.062	394376062
2020-02-19 00:00:00	0.062	0.063	0.057	0.058	250804357
2020-02-20 00:00:00	0.058	0.059	0.055	0.058	295129587
2020-02-21 00:00:00	0.058	0.06	0.057	0.059	206814684
2020-02-22 00:00:00	0.059	0.059	0.057	0.059	136200022
2020-02-23 00:00:00	0.059	0.062	0.058	0.062	189022193
2020-02-24 00:00:00	0.062	0.062	0.057	0.058	237186709
2020-02-25 00:00:00	0.058	0.059	0.056	0.056	260373716
2020-02-26 00:00:00	0.056	0.056	0.047	0.047	638434726
2020-02-27 00:00:00	0.047	0.052	0.046	0.051	382037165
2020-02-28 00:00:00	0.051	0.051	0.047	0.049	343906741
2020-02-29 00:00:00	0.049	0.05	0.047	0.047	211864323
2020-03-01 00:00:00	0.047	0.048	0.045	0.046	290735891
2020-03-02 00:00:00	0.046	0.05	0.046	0.048	248522677
2020-03-03 00:00:00	0.048	0.049	0.047	0.049	205371181
2020-03-04 00:00:00	0.049	0.05	0.048	0.05	223352201
2020-03-05 00:00:00	0.05	0.052	0.049	0.051	229156139
2020-03-06 00:00:00	0.051	0.052	0.05	0.052	165264900
2020-03-07 00:00:00	0.052	0.052	0.048	0.048	172054170
2020-03-08 00:00:00	0.048	0.048	0.042	0.043	338298454
2020-03-09 00:00:00	0.043	0.044	0.039	0.042	446854372
2020-03-10 00:00:00	0.042	0.043	0.04	0.042	355427912
2020-03-11 00:00:00	0.042	0.042	0.037	0.039	376969667
2020-03-12 00:00:00	0.039	0.039	0.022	0.023	1268936329
2020-03-13 00:00:00	0.023	0.029	0.018	0.028	1235598798
2020-03-14 00:00:00	0.028	0.029	0.025	0.026	382231156
2020-03-15 00:00:00	0.026	0.029	0.026	0.026	363087735
2020-03-16 00:00:00	0.026	0.027	0.022	0.025	690143877
2020-03-17 00:00:00	0.025	0.027	0.025	0.026	385616624
2020-03-18 00:00:00	0.026	0.027	0.024	0.026	311772981
2020-03-19 00:00:00	0.026	0.032	0.026	0.031	513741765
2020-03-20 00:00:00	0.031	0.034	0.027	0.029	678446550
2020-03-21 00:00:00	0.029	0.031	0.028	0.03	364805807
2020-03-22 00:00:00	0.03	0.03	0.027	0.027	337928430
2020-03-23 00:00:00	0.027	0.03	0.027	0.029	345003291
2020-03-24 00:00:00	0.029	0.03	0.029	0.03	278746359
2020-03-25 00:00:00	0.03	0.03	0.029	0.03	246920512
2020-03-26 00:00:00	0.03	0.031	0.029	0.031	223025739
2020-03-27 00:00:00	0.031	0.031	0.028	0.029	278552644
2020-03-28 00:00:00	0.029	0.03	0.028	0.029	256722076
2020-03-29 00:00:00	0.029	0.03	0.028	0.028	188414810
2020-03-30 00:00:00	0.028	0.03	0.028	0.03	224190001
2020-03-31 00:00:00	0.03	0.031	0.03	0.03	177146784
2020-04-01 00:00:00	0.03	0.031	0.029	0.031	243377385
2020-04-02 00:00:00	0.031	0.034	0.031	0.032	287576222
2020-04-03 00:00:00	0.032	0.033	0.032	0.032	220901052
2020-04-04 00:00:00	0.032	0.033	0.032	0.032	177098193
2020-04-05 00:00:00	0.032	0.032	0.032	0.032	107392237
2020-04-06 00:00:00	0.032	0.037	0.032	0.036	379070267
2020-04-07 00:00:00	0.036	0.037	0.035	0.035	308799177
2020-04-08 00:00:00	0.035	0.037	0.035	0.037	217905566
2020-04-09 00:00:00	0.037	0.037	0.035	0.036	156816845
2020-04-10 00:00:00	0.036	0.036	0.032	0.034	302411415
2020-04-11 00:00:00	0.034	0.034	0.033	0.033	167709632
2020-04-12 00:00:00	0.033	0.035	0.032	0.033	191934924
2020-04-13 00:00:00	0.033	0.033	0.032	0.033	201017312
2020-04-14 00:00:00	0.033	0.034	0.033	0.033	139526081
2020-04-15 00:00:00	0.033	0.034	0.031	0.032	154352173
2020-04-16 00:00:00	0.032	0.035	0.031	0.034	300371213
2020-04-17 00:00:00	0.034	0.035	0.034	0.035	122723409
2020-04-18 00:00:00	0.035	0.037	0.035	0.036	175153039
2020-04-19 00:00:00	0.036	0.037	0.035	0.036	203954985
2020-04-20 00:00:00	0.036	0.037	0.034	0.034	281156995
2020-04-21 00:00:00	0.034	0.035	0.034	0.034	159876490
2020-04-22 00:00:00	0.034	0.037	0.034	0.037	132515538
2020-04-23 00:00:00	0.037	0.043	0.036	0.043	571082128
2020-04-24 00:00:00	0.043	0.045	0.041	0.041	465577453
2020-04-25 00:00:00	0.041	0.044	0.041	0.043	210544997
2020-04-26 00:00:00	0.043	0.046	0.042	0.046	428296642
2020-04-27 00:00:00	0.046	0.048	0.044	0.046	464462163
2020-04-28 00:00:00	0.046	0.048	0.046	0.047	312224612
2020-04-29 00:00:00	0.047	0.052	0.047	0.052	527507468
2020-04-30 00:00:00	0.052	0.054	0.047	0.048	777894912
2020-05-01 00:00:00	0.048	0.052	0.048	0.051	340254928
2020-05-02 00:00:00	0.051	0.052	0.049	0.051	245442965
2020-05-03 00:00:00	0.051	0.052	0.048	0.049	300368753
2020-05-04 00:00:00	0.049	0.05	0.046	0.05	484293718
2020-05-05 00:00:00	0.05	0.051	0.049	0.049	276140405
2020-05-06 00:00:00	0.049	0.051	0.048	0.05	273661703
2020-05-07 00:00:00	0.05	0.054	0.049	0.053	324776386
2020-05-08 00:00:00	0.053	0.054	0.051	0.053	306798655
2020-05-09 00:00:00	0.053	0.053	0.043	0.048	353222123
2020-05-10 00:00:00	0.048	0.049	0.044	0.048	511566263
2020-05-11 00:00:00	0.048	0.05	0.045	0.049	539572208
2020-05-12 00:00:00	0.049	0.051	0.048	0.05	373235344
2020-05-13 00:00:00	0.05	0.052	0.05	0.051	264708798
2020-05-14 00:00:00	0.051	0.052	0.05	0.051	281593681
2020-05-15 00:00:00	0.051	0.052	0.05	0.051	252210136
2020-05-16 00:00:00	0.051	0.051	0.05	0.051	162856669
2020-05-17 00:00:00	0.051	0.052	0.051	0.052	126290587
2020-05-18 00:00:00	0.052	0.055	0.052	0.054	363167623
2020-05-19 00:00:00	0.054	0.057	0.053	0.056	300927195
2020-05-20 00:00:00	0.056	0.058	0.054	0.057	327345504
2020-05-21 00:00:00	0.057	0.058	0.05	0.052	416602317
2020-05-22 00:00:00	0.052	0.057	0.051	0.056	345546749
2020-05-23 00:00:00	0.056	0.056	0.054	0.055	201643017
2020-05-24 00:00:00	0.055	0.056	0.051	0.052	288732900
2020-05-25 00:00:00	0.052	0.054	0.051	0.054	245631657
2020-05-26 00:00:00	0.054	0.054	0.052	0.054	212604093
2020-05-27 00:00:00	0.054	0.056	0.053	0.055	270327660
2020-05-28 00:00:00	0.055	0.068	0.055	0.064	778856187
2020-05-29 00:00:00	0.064	0.067	0.063	0.064	533758856
2020-05-30 00:00:00	0.064	0.077	0.064	0.076	1070888872
2020-05-31 00:00:00	0.076	0.087	0.072	0.077	1650820615
2020-06-01 00:00:00	0.077	0.083	0.075	0.081	999995094
2020-06-02 00:00:00	0.081	0.082	0.071	0.08	800335201
2020-06-03 00:00:00	0.08	0.086	0.077	0.085	754791525
2020-06-04 00:00:00	0.085	0.09	0.083	0.089	874559850
2020-06-05 00:00:00	0.089	0.089	0.084	0.087	493515752
2020-06-06 00:00:00	0.087	0.087	0.085	0.086	245931146
2020-06-07 00:00:00	0.086	0.089	0.083	0.087	477582367
2020-06-08 00:00:00	0.087	0.087	0.084	0.086	231458928
2020-06-09 00:00:00	0.086	0.086	0.08	0.081	271865363
2020-06-10 00:00:00	0.081	0.085	0.079	0.084	407130515
2020-06-11 00:00:00	0.084	0.085	0.073	0.076	511142743
2020-06-12 00:00:00	0.076	0.081	0.075	0.079	312855025
2020-06-13 00:00:00	0.079	0.079	0.077	0.079	158318235
2020-06-14 00:00:00	0.079	0.079	0.076	0.076	138221280
2020-06-15 00:00:00	0.076	0.08	0.069	0.078	630252205
2020-06-16 00:00:00	0.078	0.08	0.077	0.078	289098470
2020-06-17 00:00:00	0.078	0.084	0.077	0.084	478550677
2020-06-18 00:00:00	0.084	0.085	0.08	0.081	303085197
2020-06-19 00:00:00	0.081	0.082	0.078	0.08	268414115
2020-06-20 00:00:00	0.08	0.08	0.077	0.08	153355296
2020-06-21 00:00:00	0.08	0.081	0.078	0.079	152742630
2020-06-22 00:00:00	0.079	0.084	0.079	0.083	246460845
2020-06-23 00:00:00	0.083	0.084	0.082	0.083	157932198
2020-06-24 00:00:00	0.083	0.087	0.08	0.082	434547754
2020-06-25 00:00:00	0.082	0.084	0.079	0.082	260277377
2020-06-26 00:00:00	0.082	0.082	0.079	0.08	182437081
2020-06-27 00:00:00	0.08	0.081	0.075	0.077	243462323
2020-06-28 00:00:00	0.077	0.081	0.076	0.081	234942207
2020-06-29 00:00:00	0.081	0.085	0.08	0.085	324361981
2020-06-30 00:00:00	0.085	0.085	0.082	0.083	190929379
2020-07-01 00:00:00	0.083	0.097	0.083	0.095	662833843
2020-07-02 00:00:00	0.095	0.096	0.087	0.094	721120428
2020-07-03 00:00:00	0.093	0.102	0.092	0.098	702791193
2020-07-04 00:00:00	0.098	0.101	0.097	0.098	481654619
2020-07-05 00:00:00	0.098	0.099	0.094	0.098	389329554
2020-07-06 00:00:00	0.098	0.107	0.097	0.105	490815499
2020-07-07 00:00:00	0.105	0.12	0.103	0.119	812797570
2020-07-08 00:00:00	0.119	0.139	0.119	0.128	1562033477
2020-07-09 00:00:00	0.128	0.128	0.117	0.122	886618016
2020-07-10 00:00:00	0.122	0.123	0.11	0.12	796138078
2020-07-11 00:00:00	0.12	0.127	0.118	0.127	462856579
2020-07-12 00:00:00	0.127	0.13	0.12	0.13	418370027
2020-07-13 00:00:00	0.13	0.136	0.121	0.124	681730347
2020-07-14 00:00:00	0.124	0.135	0.121	0.131	576491580
2020-07-15 00:00:00	0.131	0.133	0.127	0.132	389362986
2020-07-16 00:00:00	0.132	0.133	0.118	0.124	580333983
2020-07-17 00:00:00	0.124	0.127	0.119	0.12	283928022
2020-07-18 00:00:00	0.12	0.125	0.118	0.124	258297960
2020-07-19 00:00:00	0.124	0.125	0.121	0.123	166943795
2020-07-20 00:00:00	0.123	0.124	0.115	0.119	257185498
2020-07-21 00:00:00	0.119	0.125	0.118	0.122	258814634
2020-07-22 00:00:00	0.122	0.126	0.12	0.125	188360022
2020-07-23 00:00:00	0.125	0.126	0.123	0.124	209480381
2020-07-24 00:00:00	0.124	0.125	0.121	0.125	210494339
2020-07-25 00:00:00	0.125	0.146	0.125	0.143	855678900
2020-07-26 00:00:00	0.143	0.155	0.141	0.145	974005171
2020-07-27 00:00:00	0.145	0.148	0.13	0.138	994741228
2020-07-28 00:00:00	0.138	0.151	0.134	0.146	721188798
2020-07-29 00:00:00	0.146	0.148	0.137	0.14	535902155
2020-07-30 00:00:00	0.14	0.143	0.137	0.141	297068829
2020-07-31 00:00:00	0.141	0.141	0.136	0.139	259752115
2020-08-01 00:00:00	0.139	0.147	0.138	0.145	433112879
2020-08-02 00:00:00	0.145	0.149	0.126	0.135	560519415
2020-08-03 00:00:00	0.135	0.139	0.134	0.139	259278095
2020-08-04 00:00:00	0.139	0.148	0.136	0.144	394841209
2020-08-05 00:00:00	0.144	0.145	0.14	0.142	247165114
2020-08-06 00:00:00	0.142	0.147	0.14	0.146	305440690
2020-08-07 00:00:00	0.146	0.146	0.133	0.139	314458982
2020-08-08 00:00:00	0.139	0.148	0.138	0.146	302976377
2020-08-09 00:00:00	0.146	0.152	0.142	0.146	403006853
2020-08-10 00:00:00	0.146	0.146	0.142	0.144	329322210
2020-08-11 00:00:00	0.144	0.144	0.131	0.135	337890905
2020-08-12 00:00:00	0.135	0.138	0.123	0.137	416344738
2020-08-13 00:00:00	0.137	0.142	0.132	0.141	368386861
2020-08-14 00:00:00	0.141	0.141	0.137	0.139	237962769
2020-08-15 00:00:00	0.139	0.142	0.136	0.137	267797976
2020-08-16 00:00:00	0.137	0.14	0.135	0.139	222673463
2020-08-17 00:00:00	0.139	0.145	0.137	0.142	373824859
2020-08-18 00:00:00	0.142	0.144	0.134	0.137	263671300
2020-08-19 00:00:00	0.137	0.138	0.126	0.131	348569693
2020-08-20 00:00:00	0.131	0.135	0.126	0.132	254502656
2020-08-21 00:00:00	0.132	0.134	0.12	0.121	329636896
2020-08-22 00:00:00	0.121	0.126	0.118	0.125	222238994
2020-08-23 00:00:00	0.125	0.125	0.119	0.121	177823097
2020-08-24 00:00:00	0.121	0.127	0.12	0.123	190402116
2020-08-25 00:00:00	0.123	0.124	0.105	0.111	544861982
2020-08-26 00:00:00	0.111	0.118	0.111	0.116	283482845
2020-08-27 00:00:00	0.116	0.116	0.102	0.108	402177328
2020-08-28 00:00:00	0.108	0.112	0.107	0.109	250362959
2020-08-29 00:00:00	0.109	0.118	0.108	0.118	226852845
2020-08-30 00:00:00	0.118	0.119	0.114	0.118	208018410
2020-08-31 00:00:00	0.118	0.127	0.113	0.121	475780086
2020-09-01 00:00:00	0.121	0.128	0.121	0.125	312523650
2020-09-02 00:00:00	0.125	0.125	0.11	0.116	396844028
2020-09-03 00:00:00	0.116	0.117	0.092	0.098	658572654
2020-09-04 00:00:00	0.098	0.104	0.092	0.102	743544723
2020-09-05 00:00:00	0.102	0.103	0.085	0.089	637715414
2020-09-06 00:00:00	0.089	0.096	0.086	0.093	385945494
2020-09-07 00:00:00	0.093	0.094	0.086	0.092	388226458
2020-09-08 00:00:00	0.092	0.097	0.088	0.091	408790566
2020-09-09 00:00:00	0.091	0.096	0.089	0.095	243939289
2020-09-10 00:00:00	0.095	0.1	0.094	0.097	311130863
2020-09-11 00:00:00	0.097	0.098	0.093	0.096	222025533
2020-09-12 00:00:00	0.096	0.099	0.094	0.097	176251712
2020-09-13 00:00:00	0.097	0.1	0.092	0.093	240798959
2020-09-14 00:00:00	0.093	0.098	0.093	0.097	219741053
2020-09-15 00:00:00	0.097	0.098	0.09	0.091	247457150
2020-09-16 00:00:00	0.091	0.095	0.09	0.094	278757012
2020-09-17 00:00:00	0.094	0.095	0.091	0.093	215145333
2020-09-18 00:00:00	0.093	0.094	0.09	0.091	220672499
2020-09-19 00:00:00	0.091	0.093	0.09	0.091	138480374
2020-09-20 00:00:00	0.091	0.092	0.088	0.09	176371803
2020-09-21 00:00:00	0.09	0.09	0.077	0.081	512075612
2020-09-22 00:00:00	0.081	0.083	0.079	0.082	294267108
2020-09-23 00:00:00	0.082	0.083	0.075	0.077	300672815
2020-09-24 00:00:00	0.077	0.084	0.077	0.083	404101471
2020-09-25 00:00:00	0.083	0.1	0.083	0.098	806517918
2020-09-26 00:00:00	0.098	0.099	0.092	0.096	308170833
2020-09-27 00:00:00	0.096	0.104	0.094	0.103	452542198
2020-09-28 00:00:00	0.103	0.107	0.099	0.101	429121925
2020-09-29 00:00:00	0.101	0.104	0.097	0.101	310076114
2020-09-30 00:00:00	0.101	0.103	0.097	0.103	292910338
2020-10-01 00:00:00	0.103	0.105	0.095	0.097	333887193
2020-10-02 00:00:00	0.097	0.1	0.09	0.093	394813825
2020-10-03 00:00:00	0.093	0.095	0.093	0.094	154040947
2020-10-04 00:00:00	0.094	0.099	0.092	0.098	183710686
2020-10-05 00:00:00	0.098	0.099	0.096	0.097	170430065
2020-10-06 00:00:00	0.097	0.099	0.091	0.092	279911930
2020-10-07 00:00:00	0.092	0.094	0.089	0.093	156008513
2020-10-08 00:00:00	0.093	0.097	0.09	0.095	256906531
2020-10-09 00:00:00	0.095	0.104	0.095	0.104	320126834
2020-10-10 00:00:00	0.104	0.112	0.103	0.105	510411761
2020-10-11 00:00:00	0.105	0.109	0.104	0.106	300454142
2020-10-12 00:00:00	0.106	0.114	0.102	0.11	456185697
2020-10-13 00:00:00	0.11	0.114	0.108	0.111	394469514
2020-10-14 00:00:00	0.111	0.112	0.105	0.106	324693203
2020-10-15 00:00:00	0.106	0.108	0.104	0.106	218707873
2020-10-16 00:00:00	0.106	0.107	0.102	0.103	223058042
2020-10-17 00:00:00	0.103	0.107	0.103	0.106	156263025
2020-10-18 00:00:00	0.106	0.108	0.105	0.107	117387141
2020-10-19 00:00:00	0.107	0.111	0.106	0.109	223645792
2020-10-20 00:00:00	0.108	0.109	0.101	0.103	341573416
2020-10-21 00:00:00	0.103	0.109	0.103	0.107	264722338
2020-10-22 00:00:00	0.107	0.113	0.105	0.11	254972089
2020-10-23 00:00:00	0.11	0.112	0.105	0.108	224321152
2020-10-24 00:00:00	0.108	0.11	0.107	0.107	151771520
2020-10-25 00:00:00	0.107	0.109	0.105	0.107	114957442
2020-10-26 00:00:00	0.107	0.108	0.099	0.104	219816072
2020-10-27 00:00:00	0.104	0.106	0.102	0.103	186131381
2020-10-28 00:00:00	0.103	0.103	0.095	0.099	281892510
2020-10-29 00:00:00	0.099	0.101	0.094	0.095	269287646
2020-10-30 00:00:00	0.095	0.096	0.089	0.093	266637894
2020-10-31 00:00:00	0.093	0.096	0.092	0.093	169035087
2020-11-01 00:00:00	0.093	0.1	0.093	0.1	154468543
2020-11-02 00:00:00	0.1	0.1	0.091	0.092	230171222
2020-11-03 00:00:00	0.092	0.094	0.088	0.093	244441623
2020-11-04 00:00:00	0.093	0.096	0.092	0.095	256097697
2020-11-05 00:00:00	0.095	0.099	0.092	0.099	350543793
2020-11-06 00:00:00	0.099	0.11	0.098	0.11	448994933
2020-11-07 00:00:00	0.11	0.114	0.099	0.103	648591815
2020-11-08 00:00:00	0.103	0.108	0.102	0.107	262299536
2020-11-09 00:00:00	0.107	0.108	0.101	0.106	308996019
2020-11-10 00:00:00	0.106	0.109	0.104	0.107	309014694
2020-11-11 00:00:00	0.107	0.109	0.104	0.105	249856439
2020-11-12 00:00:00	0.105	0.107	0.103	0.105	218676316
2020-11-13 00:00:00	0.105	0.108	0.105	0.107	235477404
2020-11-14 00:00:00	0.107	0.107	0.101	0.104	224518671
2020-11-15 00:00:00	0.104	0.105	0.099	0.1	204365412
2020-11-16 00:00:00	0.1	0.106	0.1	0.106	227432585
2020-11-17 00:00:00	0.106	0.112	0.105	0.111	429402219
2020-11-18 00:00:00	0.111	0.112	0.102	0.107	417500160
2020-11-19 00:00:00	0.107	0.108	0.104	0.106	234900717
2020-11-20 00:00:00	0.106	0.121	0.105	0.12	477803211
2020-11-21 00:00:00	0.12	0.14	0.116	0.13	1143388167
2020-11-22 00:00:00	0.13	0.154	0.12	0.143	1970269955
2020-11-23 00:00:00	0.143	0.169	0.142	0.169	1435873651
2020-11-24 00:00:00	0.169	0.183	0.15	0.171	1584949457
2020-11-25 00:00:00	0.171	0.175	0.147	0.158	1055083604
2020-11-26 00:00:00	0.158	0.161	0.112	0.141	1648707394
2020-11-27 00:00:00	0.141	0.146	0.131	0.145	720255502
2020-11-28 00:00:00	0.145	0.172	0.139	0.162	1094270765
2020-11-29 00:00:00	0.162	0.173	0.157	0.173	766707700
2020-11-30 00:00:00	0.173	0.175	0.16	0.17	787877590
2020-12-01 00:00:00	0.17	0.173	0.141	0.158	1025300080
2020-12-02 00:00:00	0.157	0.161	0.151	0.159	425636745
2020-12-03 00:00:00	0.159	0.168	0.155	0.164	407599576
2020-12-04 00:00:00	0.164	0.164	0.146	0.151	485524289
2020-12-05 00:00:00	0.151	0.163	0.148	0.162	348639542
2020-12-06 00:00:00	0.162	0.163	0.153	0.158	272601322
2020-12-07 00:00:00	0.158	0.158	0.151	0.155	209204450
2020-12-08 00:00:00	0.155	0.155	0.137	0.137	445415174
2020-12-09 00:00:00	0.137	0.15	0.129	0.146	529737231
2020-12-10 00:00:00	0.146	0.148	0.138	0.139	292507771
2020-12-11 00:00:00	0.139	0.147	0.135	0.146	314596798
2020-12-12 00:00:00	0.146	0.147	0.142	0.144	211114140
2020-12-13 00:00:00	0.144	0.157	0.143	0.152	332818339
2020-12-14 00:00:00	0.152	0.16	0.15	0.159	270823938
2020-12-15 00:00:00	0.159	0.16	0.151	0.152	273317149
2020-12-16 00:00:00	0.152	0.171	0.149	0.168	520697284
2020-12-17 00:00:00	0.168	0.176	0.158	0.162	757884764
2020-12-18 00:00:00	0.162	0.169	0.16	0.164	381418611
2020-12-19 00:00:00	0.164	0.171	0.162	0.164	353592527
2020-12-20 00:00:00	0.164	0.169	0.156	0.163	335333830
2020-12-21 00:00:00	0.163	0.167	0.147	0.152	419308848
2020-12-22 00:00:00	0.153	0.161	0.149	0.158	474089868
2020-12-23 00:00:00	0.158	0.158	0.126	0.133	878715183
2020-12-24 00:00:00	0.132	0.156	0.132	0.155	695306942
2020-12-25 00:00:00	0.155	0.167	0.15	0.156	572554684
2020-12-26 00:00:00	0.156	0.162	0.149	0.159	565212584
2020-12-27 00:00:00	0.159	0.166	0.149	0.158	821875759
2020-12-28 00:00:00	0.158	0.193	0.158	0.186	1001833855
2020-12-29 00:00:00	0.186	0.197	0.173	0.189	1364898582
2020-12-30 00:00:00	0.189	0.193	0.175	0.181	643139408
2020-12-31 00:00:00	0.181	0.186	0.174	0.181	442890557
2021-01-01 00:00:00	0.181	0.185	0.17	0.172	467556636
2021-01-02 00:00:00	0.172	0.185	0.168	0.176	653486227
2021-01-03 00:00:00	0.176	0.221	0.173	0.215	1320259637
2021-01-04 00:00:00	0.215	0.24	0.192	0.223	1415786643
2021-01-05 00:00:00	0.223	0.27	0.207	0.267	1483668252
2021-01-06 00:00:00	0.267	0.348	0.26	0.346	2092147246
2021-01-07 00:00:00	0.346	0.355	0.279	0.292	1337757949
2021-01-08 00:00:00	0.292	0.322	0.262	0.306	1298910295
2021-01-09 00:00:00	0.306	0.339	0.296	0.331	794756041
2021-01-10 00:00:00	0.331	0.341	0.279	0.295	910740329
2021-01-11 00:00:00	0.295	0.299	0.229	0.272	1539546150
2021-01-12 00:00:00	0.272	0.314	0.265	0.272	1079862309
2021-01-13 00:00:00	0.272	0.319	0.27	0.315	681354874
2021-01-14 00:00:00	0.315	0.325	0.296	0.314	647776471
2021-01-15 00:00:00	0.314	0.332	0.277	0.307	852217546
2021-01-16 00:00:00	0.307	0.38	0.302	0.37	1332469199
2021-01-17 00:00:00	0.37	0.397	0.349	0.391	1327920594
2021-01-18 00:00:00	0.391	0.395	0.364	0.373	611163212
2021-01-19 00:00:00	0.373	0.39	0.362	0.373	606594467
2021-01-20 00:00:00	0.373	0.379	0.33	0.373	660408826
2021-01-21 00:00:00	0.373	0.374	0.28	0.285	902896416
2021-01-22 00:00:00	0.285	0.36	0.284	0.35	801651299
2021-01-23 00:00:00	0.35	0.358	0.335	0.344	404066155
2021-01-24 00:00:00	0.344	0.369	0.336	0.359	478719013
2021-01-25 00:00:00	0.359	0.364	0.339	0.348	397364960
2021-01-26 00:00:00	0.348	0.349	0.324	0.341	341584724
2021-01-27 00:00:00	0.341	0.341	0.304	0.314	434603114
2021-01-28 00:00:00	0.314	0.357	0.313	0.352	503482359
2021-01-29 00:00:00	0.352	0.368	0.331	0.345	642419316
2021-01-30 00:00:00	0.345	0.378	0.337	0.371	549454669
2021-01-31 00:00:00	0.371	0.372	0.332	0.338	375690791
2021-02-01 00:00:00	0.338	0.432	0.336	0.411	979913894
2021-02-02 00:00:00	0.411	0.456	0.389	0.419	1367572339
2021-02-03 00:00:00	0.419	0.45	0.415	0.438	541893122
2021-02-04 00:00:00	0.438	0.459	0.41	0.456	558671978
2021-02-05 00:00:00	0.456	0.562	0.448	0.557	1283166015
2021-02-06 00:00:00	0.557	0.667	0.519	0.649	1262177821
2021-02-07 00:00:00	0.649	0.709	0.58	0.654	1593311744
2021-02-08 00:00:00	0.654	0.724	0.632	0.682	977616575
2021-02-09 00:00:00	0.683	0.759	0.662	0.739	663744587
2021-02-10 00:00:00	0.739	0.953	0.737	0.918	1674838496
2021-02-11 00:00:00	0.918	0.98	0.865	0.937	920880616
2021-02-12 00:00:00	0.937	0.948	0.866	0.937	655164030
2021-02-13 00:00:00	0.937	0.951	0.82	0.903	574906165
2021-02-14 00:00:00	0.903	0.906	0.807	0.858	530069697
2021-02-15 00:00:00	0.859	0.911	0.686	0.86	960062542
2021-02-16 00:00:00	0.86	0.906	0.845	0.863	492819394
2021-02-17 00:00:00	0.863	0.906	0.822	0.901	477857999
2021-02-18 00:00:00	0.9	0.958	0.897	0.921	579208818
2021-02-19 00:00:00	0.921	0.946	0.879	0.924	550933416
2021-02-20 00:00:00	0.924	1.2	0.924	1.125	1500732705
2021-02-21 00:00:00	1.125	1.152	1.046	1.05	624902258
2021-02-22 00:00:00	1.05	1.146	0.831	1.107	1358327109
2021-02-23 00:00:00	1.108	1.13	0.81	0.942	1615198118
2021-02-24 00:00:00	0.942	1.077	0.934	1.063	927348316
2021-02-25 00:00:00	1.063	1.177	1.012	1.054	1007630803
2021-02-26 00:00:00	1.054	1.298	0.99	1.247	1791235326
2021-02-27 00:00:00	1.247	1.488	1.227	1.319	1972905792
2021-02-28 00:00:00	1.319	1.36	1.154	1.272	1612183135
2021-03-01 00:00:00	1.272	1.348	1.212	1.233	996931776
2021-03-02 00:00:00	1.232	1.272	1.18	1.229	701924924
2021-03-03 00:00:00	1.229	1.266	1.204	1.224	456008653
2021-03-04 00:00:00	1.225	1.231	1.034	1.041	788483023
2021-03-05 00:00:00	1.041	1.197	1.036	1.17	786369640
2021-03-06 00:00:00	1.17	1.172	1.085	1.129	392000316
2021-03-07 00:00:00	1.129	1.165	1.106	1.163	347268086
2021-03-08 00:00:00	1.162	1.178	1.105	1.119	382472716
2021-03-09 00:00:00	1.119	1.22	1.119	1.196	615360966
2021-03-10 00:00:00	1.196	1.201	1.115	1.124	379845645
2021-03-11 00:00:00	1.123	1.139	1.108	1.118	297606090
2021-03-12 00:00:00	1.118	1.125	1.005	1.017	441914508
2021-03-13 00:00:00	1.017	1.193	0.985	1.082	628157709
2021-03-14 00:00:00	1.082	1.102	1.043	1.061	305938311
2021-03-15 00:00:00	1.06	1.071	1	1.009	405030024
2021-03-16 00:00:00	1.009	1.28	1	1.22	1285607784
2021-03-17 00:00:00	1.22	1.43	1.206	1.369	1074220522
2021-03-18 00:00:00	1.369	1.473	1.18	1.23	1487623066
2021-03-19 00:00:00	1.23	1.343	1.211	1.307	756811590
2021-03-20 00:00:00	1.307	1.308	1.188	1.223	409036932
2021-03-21 00:00:00	1.223	1.241	1.16	1.168	289844612
2021-03-22 00:00:00	1.168	1.208	1.067	1.124	390400349
2021-03-23 00:00:00	1.124	1.174	1.081	1.102	366752301
2021-03-24 00:00:00	1.102	1.164	1.038	1.069	360935887
2021-03-25 00:00:00	1.068	1.154	1.046	1.124	526598823
2021-03-26 00:00:00	1.123	1.288	1.101	1.2	682258496
2021-03-27 00:00:00	1.2	1.215	1.156	1.185	250149281
2021-03-28 00:00:00	1.185	1.22	1.17	1.184	197898657
2021-03-29 00:00:00	1.184	1.23	1.178	1.201	262032718
2021-03-30 00:00:00	1.201	1.236	1.189	1.211	261095635
2021-03-31 00:00:00	1.211	1.211	1.151	1.194	300966521
2021-04-01 00:00:00	1.195	1.208	1.172	1.184	211486286
2021-04-02 00:00:00	1.184	1.248	1.181	1.221	323128076
2021-04-03 00:00:00	1.221	1.241	1.152	1.165	312727154
2021-04-04 00:00:00	1.165	1.193	1.159	1.173	199391156
2021-04-05 00:00:00	1.173	1.226	1.162	1.203	320039082
2021-04-06 00:00:00	1.203	1.344	1.19	1.24	730988756
2021-04-07 00:00:00	1.24	1.29	1.159	1.187	399467396
2021-04-08 00:00:00	1.187	1.229	1.175	1.224	212385799
2021-04-09 00:00:00	1.225	1.229	1.191	1.199	155991337
2021-04-10 00:00:00	1.199	1.252	1.192	1.228	297046587
2021-04-11 00:00:00	1.228	1.29	1.199	1.272	455550820
2021-04-12 00:00:00	1.272	1.348	1.264	1.321	557975273
2021-04-13 00:00:00	1.321	1.438	1.281	1.435	609737385
2021-04-14 00:00:00	1.435	1.558	1.348	1.431	1055147219
2021-04-15 00:00:00	1.431	1.519	1.41	1.507	422774922
2021-04-16 00:00:00	1.506	1.519	1.334	1.412	543301642
2021-04-17 00:00:00	1.412	1.458	1.35	1.357	328931753
2021-04-18 00:00:00	1.357	1.365	1.072	1.303	813589362
2021-04-19 00:00:00	1.303	1.324	1.13	1.147	489728234
2021-04-20 00:00:00	1.147	1.29	1.127	1.242	465541117
2021-04-21 00:00:00	1.242	1.28	1.18	1.202	399775665
2021-04-22 00:00:00	1.202	1.28	1.114	1.142	517939674
2021-04-23 00:00:00	1.143	1.169	0.92	1.111	989254110
2021-04-24 00:00:00	1.111	1.198	1.09	1.099	424982042
2021-04-25 00:00:00	1.1	1.147	1.018	1.137	320011138
2021-04-26 00:00:00	1.137	1.251	1.126	1.233	454196863
2021-04-27 00:00:00	1.233	1.339	1.228	1.329	398382833
2021-04-28 00:00:00	1.329	1.349	1.233	1.323	382454310
2021-04-29 00:00:00	1.323	1.412	1.266	1.292	585962109
2021-04-30 00:00:00	1.292	1.371	1.286	1.344	304322939
2021-05-01 00:00:00	1.344	1.368	1.313	1.338	202514887
2021-05-02 00:00:00	1.338	1.35	1.294	1.342	220406819
2021-05-03 00:00:00	1.342	1.38	1.26	1.297	302221772
2021-05-04 00:00:00	1.298	1.348	1.256	1.305	398540180
2021-05-05 00:00:00	1.306	1.497	1.296	1.464	613311327
2021-05-06 00:00:00	1.463	1.7	1.429	1.61	1348128406
2021-05-07 00:00:00	1.61	1.748	1.526	1.644	751483641
2021-05-08 00:00:00	1.644	1.65	1.561	1.6	382553849
2021-05-09 00:00:00	1.6	1.833	1.573	1.747	923464182
2021-05-10 00:00:00	1.747	1.824	1.517	1.628	692666155
2021-05-11 00:00:00	1.628	1.802	1.595	1.793	525424509
2021-05-12 00:00:00	1.794	1.821	1.5	1.611	672026606
2021-05-13 00:00:00	1.61	1.972	1.595	1.884	1514506756
2021-05-14 00:00:00	1.884	2.043	1.811	1.982	685111134
2021-05-15 00:00:00	1.982	2.379	1.977	2.287	1401185727
2021-05-16 00:00:00	2.287	2.47	2.01	2.188	1177925883
2021-05-17 00:00:00	2.188	2.245	1.916	2.028	1124376320
2021-05-18 00:00:00	2.028	2.149	1.971	1.977	599550007
2021-05-19 00:00:00	1.977	1.978	1.01	1.394	2349812398
2021-05-20 00:00:00	1.391	1.949	1.37	1.862	1249430210
2021-05-21 00:00:00	1.862	1.867	1.32	1.573	1165462183
2021-05-22 00:00:00	1.573	1.602	1.366	1.537	797166917
2021-05-23 00:00:00	1.538	1.54	1.051	1.315	1473442978
2021-05-24 00:00:00	1.314	1.65	1.248	1.613	1044183684
2021-05-25 00:00:00	1.613	1.633	1.435	1.571	803491769
2021-05-26 00:00:00	1.571	1.832	1.57	1.712	843642886
2021-05-27 00:00:00	1.712	1.756	1.608	1.625	581102320
2021-05-28 00:00:00	1.625	1.678	1.45	1.548	815019821
2021-05-29 00:00:00	1.548	1.562	1.335	1.374	585486907
2021-05-30 00:00:00	1.374	1.7	1.355	1.568	763339774
2021-05-31 00:00:00	1.568	1.78	1.525	1.772	598313121
2021-06-01 00:00:00	1.772	1.78	1.653	1.738	530263133
2021-06-02 00:00:00	1.738	1.804	1.717	1.741	411667356
2021-06-03 00:00:00	1.741	1.89	1.713	1.794	430513972
2021-06-04 00:00:00	1.794	1.797	1.608	1.749	584596118
2021-06-05 00:00:00	1.749	1.782	1.61	1.66	363038735
2021-06-06 00:00:00	1.66	1.708	1.647	1.69	196624941
2021-06-07 00:00:00	1.69	1.741	1.55	1.569	357638007
2021-06-08 00:00:00	1.569	1.595	1.4	1.528	607926677
2021-06-09 00:00:00	1.528	1.638	1.483	1.609	461037241
2021-06-10 00:00:00	1.609	1.624	1.503	1.507	315293121
2021-06-11 00:00:00	1.507	1.545	1.411	1.424	322078488
2021-06-12 00:00:00	1.424	1.493	1.356	1.488	358315745
2021-06-13 00:00:00	1.488	1.58	1.4	1.547	335374773
2021-06-14 00:00:00	1.547	1.595	1.506	1.569	275114784
2021-06-15 00:00:00	1.569	1.611	1.536	1.536	212376596
2021-06-16 00:00:00	1.536	1.575	1.474	1.503	203264027
2021-06-17 00:00:00	1.502	1.539	1.457	1.47	161788488
2021-06-18 00:00:00	1.47	1.493	1.374	1.419	221757763
2021-06-19 00:00:00	1.419	1.441	1.367	1.381	151901106
2021-06-20 00:00:00	1.381	1.46	1.306	1.427	264758406
2021-06-21 00:00:00	1.427	1.43	1.13	1.172	552252740
2021-06-22 00:00:00	1.172	1.263	1	1.188	906206215
2021-06-23 00:00:00	1.188	1.31	1.182	1.229	455622712
2021-06-24 00:00:00	1.229	1.4	1.201	1.356	436308572
2021-06-25 00:00:00	1.356	1.397	1.243	1.272	542895031
2021-06-26 00:00:00	1.272	1.292	1.197	1.278	311357480
2021-06-27 00:00:00	1.278	1.35	1.241	1.331	239431575
2021-06-28 00:00:00	1.331	1.351	1.304	1.341	220115826
2021-06-29 00:00:00	1.342	1.42	1.319	1.371	283166038
2021-06-30 00:00:00	1.371	1.399	1.283	1.366	259381245
2021-07-01 00:00:00	1.366	1.378	1.302	1.348	195932514
2021-07-02 00:00:00	1.348	1.399	1.285	1.37	240925270
2021-07-03 00:00:00	1.37	1.444	1.358	1.392	191754918
2021-07-04 00:00:00	1.392	1.496	1.382	1.439	193171742
2021-07-05 00:00:00	1.439	1.45	1.376	1.425	202496558
2021-07-06 00:00:00	1.425	1.458	1.389	1.415	173675599
2021-07-07 00:00:00	1.415	1.442	1.379	1.385	136414569
2021-07-08 00:00:00	1.385	1.398	1.296	1.297	176212187
2021-07-09 00:00:00	1.297	1.375	1.286	1.357	147197803
2021-07-10 00:00:00	1.357	1.357	1.316	1.344	94505735
2021-07-11 00:00:00	1.344	1.367	1.323	1.348	68780439
2021-07-12 00:00:00	1.348	1.374	1.292	1.311	115338007
2021-07-13 00:00:00	1.311	1.322	1.237	1.239	127259217
2021-07-14 00:00:00	1.239	1.289	1.198	1.278	161975628
2021-07-15 00:00:00	1.278	1.29	1.205	1.221	134380972
2021-07-16 00:00:00	1.221	1.245	1.161	1.189	164743893
2021-07-17 00:00:00	1.188	1.205	1.15	1.199	120346187
2021-07-18 00:00:00	1.199	1.219	1.167	1.17	105385079
2021-07-19 00:00:00	1.17	1.192	1.116	1.119	141509151
2021-07-20 00:00:00	1.119	1.121	1.02	1.041	284835431
2021-07-21 00:00:00	1.041	1.222	1.037	1.176	292479554
2021-07-22 00:00:00	1.176	1.208	1.149	1.182	150992660
2021-07-23 00:00:00	1.182	1.219	1.147	1.208	140922537
2021-07-24 00:00:00	1.208	1.249	1.196	1.213	135371434
2021-07-25 00:00:00	1.213	1.268	1.19	1.265	117749748
2021-07-26 00:00:00	1.265	1.399	1.242	1.26	409787014
2021-07-27 00:00:00	1.26	1.316	1.214	1.265	227906545
2021-07-28 00:00:00	1.265	1.32	1.258	1.264	203902964
2021-07-29 00:00:00	1.264	1.299	1.256	1.291	127404157
2021-07-30 00:00:00	1.291	1.329	1.247	1.318	191518122
2021-07-31 00:00:00	1.318	1.35	1.287	1.348	118537784
2021-08-01 00:00:00	1.348	1.388	1.296	1.298	199551386
2021-08-02 00:00:00	1.298	1.35	1.293	1.312	119921760
2021-08-03 00:00:00	1.312	1.383	1.261	1.358	257728466
2021-08-04 00:00:00	1.358	1.394	1.323	1.369	175021026
2021-08-05 00:00:00	1.37	1.397	1.338	1.375	164352377
2021-08-06 00:00:00	1.375	1.425	1.361	1.419	163180478
2021-08-07 00:00:00	1.419	1.485	1.411	1.482	250410565
2021-08-08 00:00:00	1.481	1.494	1.403	1.404	201013843
2021-08-09 00:00:00	1.404	1.499	1.393	1.469	202261568
2021-08-10 00:00:00	1.469	1.701	1.457	1.7	361243253
2021-08-11 00:00:00	1.7	1.895	1.693	1.84	496897699
2021-08-12 00:00:00	1.84	1.893	1.679	1.868	460190471
2021-08-13 00:00:00	1.868	2.15	1.853	2.104	590368717
2021-08-14 00:00:00	2.104	2.25	2.084	2.205	581755996
2021-08-15 00:00:00	2.205	2.207	2.03	2.156	355627284
2021-08-16 00:00:00	2.156	2.2	2.032	2.055	324990352
2021-08-17 00:00:00	2.056	2.141	1.89	1.932	356138072
2021-08-18 00:00:00	1.932	2.186	1.87	2.172	507008965
2021-08-19 00:00:00	2.172	2.468	2.046	2.425	662936484
2021-08-20 00:00:00	2.425	2.582	2.367	2.417	589038388
2021-08-21 00:00:00	2.417	2.529	2.381	2.458	291235554
2021-08-22 00:00:00	2.458	2.749	2.449	2.745	526752355
2021-08-23 00:00:00	2.745	2.972	2.735	2.883	630370437
2021-08-24 00:00:00	2.882	2.928	2.587	2.758	636030651
2021-08-25 00:00:00	2.758	2.797	2.6	2.782	455721842
2021-08-26 00:00:00	2.781	2.785	2.47	2.561	412465669
2021-08-27 00:00:00	2.56	2.95	2.502	2.879	478949247
2021-08-28 00:00:00	2.879	2.891	2.772	2.864	226549854
2021-08-29 00:00:00	2.864	2.935	2.719	2.851	277212245
2021-08-30 00:00:00	2.85	2.884	2.702	2.72	239424527
2021-08-31 00:00:00	2.72	2.881	2.71	2.734	246787023
2021-09-01 00:00:00	2.734	2.904	2.72	2.855	194923888
2021-09-02 00:00:00	2.855	3.101	2.845	2.92	405895032
2021-09-03 00:00:00	2.92	3.03	2.902	2.945	193453061
2021-09-04 00:00:00	2.945	2.965	2.8	2.864	194895985
2021-09-05 00:00:00	2.863	2.956	2.813	2.909	168535552
2021-09-06 00:00:00	2.909	2.92	2.8	2.821	185431434
2021-09-07 00:00:00	2.821	2.875	2	2.524	981937422
2021-09-08 00:00:00	2.525	2.564	2.2	2.479	546170427
2021-09-09 00:00:00	2.478	2.623	2.39	2.528	397930900
2021-09-10 00:00:00	2.529	2.586	2.269	2.42	323198321
2021-09-11 00:00:00	2.42	2.8	2.367	2.548	580375774
2021-09-12 00:00:00	2.547	2.789	2.501	2.54	452616943
2021-09-13 00:00:00	2.54	2.555	2.309	2.413	375828102
2021-09-14 00:00:00	2.413	2.438	2.32	2.383	210932427
2021-09-15 00:00:00	2.383	2.582	2.355	2.457	276832443
2021-09-16 00:00:00	2.457	2.56	2.381	2.409	192593444
2021-09-17 00:00:00	2.409	2.442	2.31	2.344	132613880
2021-09-18 00:00:00	2.343	2.439	2.335	2.351	112141633
2021-09-19 00:00:00	2.352	2.397	2.2	2.226	144717488
2021-09-20 00:00:00	2.227	2.264	1.97	2.015	481079790
2021-09-21 00:00:00	2.015	2.229	1.91	1.997	422476965
2021-09-22 00:00:00	1.997	2.268	1.982	2.225	260150162
2021-09-23 00:00:00	2.225	2.346	2.179	2.296	191803185
2021-09-24 00:00:00	2.296	2.33	2.063	2.29	376425784
2021-09-25 00:00:00	2.291	2.459	2.235	2.267	333805424
2021-09-26 00:00:00	2.267	2.298	2.147	2.243	224983404
2021-09-27 00:00:00	2.242	2.277	2.122	2.144	150867966
2021-09-28 00:00:00	2.143	2.173	2.022	2.054	154958019
2021-09-29 00:00:00	2.053	2.15	2.02	2.092	133141084
2021-09-30 00:00:00	2.091	2.137	2.06	2.119	124564819
2021-10-01 00:00:00	2.118	2.275	2.092	2.227	197616471
2021-10-02 00:00:00	2.227	2.322	2.192	2.231	149311817
2021-10-03 00:00:00	2.232	2.309	2.221	2.223	132855940
2021-10-04 00:00:00	2.223	2.231	2.15	2.212	150717492
2021-10-05 00:00:00	2.213	2.258	2.175	2.222	130165509
2021-10-06 00:00:00	2.222	2.251	2.111	2.189	198296936
2021-10-07 00:00:00	2.189	2.375	2.15	2.288	248530012
2021-10-08 00:00:00	2.288	2.313	2.213	2.249	138980813
2021-10-09 00:00:00	2.249	2.3	2.22	2.245	108656400
2021-10-10 00:00:00	2.245	2.277	2.16	2.205	112536442
2021-10-11 00:00:00	2.205	2.25	2.107	2.142	125185567
2021-10-12 00:00:00	2.143	2.159	2.071	2.143	148587730
2021-10-13 00:00:00	2.143	2.2	2.078	2.18	132644958
2021-10-14 00:00:00	2.179	2.225	2.147	2.152	108421876
2021-10-15 00:00:00	2.151	2.243	2.136	2.224	206531512
2021-10-16 00:00:00	2.224	2.25	2.151	2.169	105375079
2021-10-17 00:00:00	2.169	2.189	2.089	2.156	109288145
2021-10-18 00:00:00	2.156	2.176	2.105	2.121	93916125
2021-10-19 00:00:00	2.122	2.157	2.093	2.102	94016365
2021-10-20 00:00:00	2.102	2.245	2.092	2.231	149238731
2021-10-21 00:00:00	2.23	2.298	2.131	2.162	256082406
2021-10-22 00:00:00	2.162	2.21	2.125	2.159	127901725
2021-10-23 00:00:00	2.158	2.175	2.131	2.157	72743353
2021-10-24 00:00:00	2.156	2.164	2.093	2.134	101152522
2021-10-25 00:00:00	2.133	2.178	2.125	2.164	104501095
2021-10-26 00:00:00	2.164	2.202	2.122	2.145	141484064
2021-10-27 00:00:00	2.146	2.156	1.804	1.912	404693003
2021-10-28 00:00:00	1.911	2.058	1.905	2.012	253569342
2021-10-29 00:00:00	2.012	2.048	1.984	2.004	148912109
2021-10-30 00:00:00	2.003	2.009	1.924	1.96	125015250
2021-10-31 00:00:00	1.961	2.029	1.918	1.972	145687205
2021-11-01 00:00:00	1.972	2.019	1.911	1.941	142542794
2021-11-02 00:00:00	1.94	1.996	1.933	1.97	124161178
2021-11-03 00:00:00	1.97	2.144	1.95	2.053	347954294
2021-11-04 00:00:00	2.052	2.06	1.933	1.963	161688056
2021-11-05 00:00:00	1.963	2.017	1.959	1.997	108537517
2021-11-06 00:00:00	1.996	2.04	1.942	1.996	105499958
2021-11-07 00:00:00	1.995	2.049	1.974	2.044	89977345
2021-11-08 00:00:00	2.045	2.166	2.02	2.141	197645694
2021-11-09 00:00:00	2.14	2.378	2.105	2.272	593246586
2021-11-10 00:00:00	2.272	2.288	1.932	2.115	462301060
2021-11-11 00:00:00	2.115	2.153	2.063	2.079	143367258
2021-11-12 00:00:00	2.08	2.099	1.991	2.062	157606680
2021-11-13 00:00:00	2.062	2.08	2.021	2.058	82455538
2021-11-14 00:00:00	2.057	2.065	2.009	2.059	62414331
2021-11-15 00:00:00	2.058	2.095	1.962	1.976	103536091
2021-11-16 00:00:00	1.975	1.982	1.759	1.865	261996729
2021-11-17 00:00:00	1.865	1.893	1.795	1.889	204369137
2021-11-18 00:00:00	1.889	1.907	1.701	1.809	227709891
2021-11-19 00:00:00	1.808	1.899	1.754	1.881	139013536
2021-11-20 00:00:00	1.881	1.956	1.86	1.901	125933148
2021-11-21 00:00:00	1.901	1.906	1.807	1.817	95081600
2021-11-22 00:00:00	1.816	1.836	1.757	1.788	137462418
2021-11-23 00:00:00	1.787	1.816	1.738	1.744	147757869
2021-11-24 00:00:00	1.744	1.745	1.586	1.684	293250173
2021-11-25 00:00:00	1.684	1.749	1.619	1.666	213575829
2021-11-26 00:00:00	1.666	1.68	1.495	1.557	337510774
2021-11-27 00:00:00	1.556	1.585	1.522	1.539	105723130
2021-11-28 00:00:00	1.538	1.612	1.416	1.599	234570270
2021-11-29 00:00:00	1.598	1.636	1.557	1.612	148297254
2021-11-30 00:00:00	1.611	1.629	1.539	1.573	192033077
2021-12-01 00:00:00	1.572	1.622	1.527	1.554	153099103
2021-12-02 00:00:00	1.554	1.76	1.517	1.677	445593254
2021-12-03 00:00:00	1.677	1.697	1.508	1.511	279705668
2021-12-04 00:00:00	1.511	1.535	1.188	1.385	616210685
2021-12-05 00:00:00	1.385	1.412	1.284	1.342	272830509
2021-12-06 00:00:00	1.342	1.459	1.255	1.445	330537593
2021-12-07 00:00:00	1.445	1.479	1.352	1.378	229443970
2021-12-08 00:00:00	1.379	1.423	1.337	1.392	180006224
2021-12-09 00:00:00	1.392	1.398	1.287	1.3	178177242
2021-12-10 00:00:00	1.3	1.334	1.192	1.208	211506979
2021-12-11 00:00:00	1.209	1.415	1.205	1.409	166658811
2021-12-12 00:00:00	1.41	1.415	1.319	1.334	138811980
2021-12-13 00:00:00	1.334	1.337	1.2	1.231	187610710
2021-12-14 00:00:00	1.231	1.284	1.198	1.259	172759962
2021-12-15 00:00:00	1.258	1.331	1.204	1.314	169283892
2021-12-16 00:00:00	1.313	1.331	1.234	1.247	118467496
2021-12-17 00:00:00	1.246	1.259	1.182	1.228	138155071
2021-12-18 00:00:00	1.228	1.267	1.2	1.253	78572870
2021-12-19 00:00:00	1.253	1.312	1.226	1.248	127337327
2021-12-20 00:00:00	1.249	1.261	1.201	1.238	120187476
2021-12-21 00:00:00	1.238	1.29	1.227	1.276	123545709
2021-12-22 00:00:00	1.277	1.369	1.276	1.321	166266804
2021-12-23 00:00:00	1.32	1.49	1.314	1.47	212777787
2021-12-24 00:00:00	1.471	1.491	1.381	1.41	126083864
2021-12-25 00:00:00	1.41	1.467	1.396	1.452	87285305
2021-12-26 00:00:00	1.452	1.467	1.407	1.459	102952013
2021-12-27 00:00:00	1.459	1.594	1.451	1.505	190483041
2021-12-28 00:00:00	1.505	1.54	1.376	1.407	225883797
2021-12-29 00:00:00	1.407	1.438	1.301	1.325	159798676
2021-12-30 00:00:00	1.325	1.378	1.297	1.348	125200457
2021-12-31 00:00:00	1.349	1.383	1.281	1.331	120069544
2022-01-01 00:00:00	1.33	1.382	1.306	1.372	68615290
2022-01-02 00:00:00	1.373	1.391	1.342	1.363	80831249
2022-01-03 00:00:00	1.362	1.374	1.298	1.306	90878940
2022-01-04 00:00:00	1.305	1.352	1.295	1.327	91895604
2022-01-05 00:00:00	1.326	1.353	1.193	1.24	161142421
2022-01-06 00:00:00	1.241	1.297	1.186	1.269	177054991
2022-01-07 00:00:00	1.269	1.278	1.189	1.226	204614526
2022-01-08 00:00:00	1.226	1.254	1.124	1.193	173325559
2022-01-09 00:00:00	1.193	1.206	1.147	1.163	111326659
2022-01-10 00:00:00	1.164	1.181	1.069	1.129	190323470
2022-01-11 00:00:00	1.13	1.208	1.129	1.192	117605847
2022-01-12 00:00:00	1.192	1.353	1.188	1.333	156378014
2022-01-13 00:00:00	1.333	1.354	1.223	1.246	166485836
2022-01-14 00:00:00	1.247	1.309	1.22	1.283	142392397
2022-01-15 00:00:00	1.284	1.319	1.251	1.304	79816098
2022-01-16 00:00:00	1.305	1.422	1.304	1.402	253605204
2022-01-17 00:00:00	1.402	1.621	1.386	1.597	573394666
2022-01-18 00:00:00	1.597	1.638	1.411	1.487	437295607
2022-01-19 00:00:00	1.486	1.534	1.316	1.323	325921891
2022-01-20 00:00:00	1.323	1.427	1.243	1.27	267409150
2022-01-21 00:00:00	1.269	1.273	1.101	1.128	398839270
2022-01-22 00:00:00	1.127	1.155	0.917	1.099	552602510
2022-01-23 00:00:00	1.099	1.17	1.051	1.097	257720913
2022-01-24 00:00:00	1.097	1.11	0.951	1.042	436202851
2022-01-25 00:00:00	1.042	1.074	0.991	1.028	216954980
2022-01-26 00:00:00	1.029	1.157	1.022	1.078	336540690
2022-01-27 00:00:00	1.077	1.078	1.004	1.048	184398925
2022-01-28 00:00:00	1.048	1.059	1.008	1.05	133948482
2022-01-29 00:00:00	1.05	1.084	1.037	1.052	89167990
2022-01-30 00:00:00	1.053	1.077	1.011	1.016	77244911
2022-01-31 00:00:00	1.016	1.06	1.006	1.045	97014281
2022-02-01 00:00:00	1.045	1.103	1.034	1.089	129440233
2022-02-02 00:00:00	1.089	1.1	1.022	1.032	123603625
2022-02-03 00:00:00	1.031	1.062	1.016	1.054	96234450
2022-02-04 00:00:00	1.053	1.147	1.045	1.133	143868621
2022-02-05 00:00:00	1.132	1.178	1.097	1.126	143446942
2022-02-06 00:00:00	1.126	1.15	1.097	1.139	114666731
2022-02-07 00:00:00	1.139	1.254	1.133	1.236	287727958
2022-02-08 00:00:00	1.236	1.263	1.133	1.181	247153241
2022-02-09 00:00:00	1.181	1.215	1.152	1.187	136459713
2022-02-10 00:00:00	1.188	1.225	1.121	1.136	191230810
2022-02-11 00:00:00	1.136	1.164	1.065	1.077	125072879
2022-02-12 00:00:00	1.077	1.092	1.029	1.065	146960115
2022-02-13 00:00:00	1.064	1.076	1.028	1.035	113527630
2022-02-14 00:00:00	1.035	1.062	1.018	1.055	126033169
2022-02-15 00:00:00	1.056	1.115	1.049	1.104	152582889
2022-02-16 00:00:00	1.104	1.112	1.066	1.089	100445939
2022-02-17 00:00:00	1.09	1.094	1.008	1.022	117351311
2022-02-18 00:00:00	1.021	1.043	0.983	1.004	132615811
2022-02-19 00:00:00	1.004	1.019	0.973	0.993	90289426
2022-02-20 00:00:00	0.992	0.996	0.919	0.946	160848992
2022-02-21 00:00:00	0.945	0.993	0.85	0.861	294385642
2022-02-22 00:00:00	0.86	0.898	0.813	0.885	254573417
2022-02-23 00:00:00	0.885	0.96	0.852	0.857	244279292
2022-02-24 00:00:00	0.856	0.899	0.746	0.842	558510878
2022-02-25 00:00:00	0.841	0.93	0.823	0.914	213471887
2022-02-26 00:00:00	0.913	0.93	0.86	0.865	135739153
2022-02-27 00:00:00	0.864	0.915	0.832	0.847	158888272
2022-02-28 00:00:00	0.848	0.983	0.847	0.977	240592336
2022-03-01 00:00:00	0.977	1.011	0.939	0.957	228029353
2022-03-02 00:00:00	0.957	0.977	0.927	0.94	142453294
2022-03-03 00:00:00	0.939	0.941	0.871	0.875	121023459
2022-03-04 00:00:00	0.876	0.894	0.822	0.823	142790013
2022-03-05 00:00:00	0.823	0.883	0.818	0.871	73946132
2022-03-06 00:00:00	0.87	0.871	0.808	0.82	82959425
2022-03-07 00:00:00	0.819	0.847	0.777	0.801	131657331
2022-03-08 00:00:00	0.801	0.821	0.788	0.808	120433565
2022-03-09 00:00:00	0.807	0.863	0.805	0.843	116054356
2022-03-10 00:00:00	0.844	0.848	0.785	0.802	114601771
2022-03-11 00:00:00	0.801	0.819	0.782	0.796	100872991
2022-03-12 00:00:00	0.796	0.802	0.787	0.79	49570764
2022-03-13 00:00:00	0.791	0.821	0.776	0.785	95973173
2022-03-14 00:00:00	0.785	0.816	0.783	0.803	98601728
2022-03-15 00:00:00	0.803	0.817	0.781	0.798	94772501
2022-03-16 00:00:00	0.798	0.842	0.792	0.836	162966988
2022-03-17 00:00:00	0.836	0.858	0.825	0.827	106114679
2022-03-18 00:00:00	0.827	0.861	0.82	0.861	81443593
2022-03-19 00:00:00	0.861	0.916	0.857	0.893	116487191
2022-03-20 00:00:00	0.893	0.916	0.864	0.885	90114019
2022-03-21 00:00:00	0.886	0.93	0.863	0.915	118550056
2022-03-22 00:00:00	0.915	1.003	0.909	0.98	190903653
2022-03-23 00:00:00	0.98	1.119	0.957	1.099	364964016
2022-03-24 00:00:00	1.099	1.19	1.083	1.111	387271552
2022-03-25 00:00:00	1.111	1.167	1.072	1.087	274008057
2022-03-26 00:00:00	1.086	1.16	1.079	1.153	143289320
2022-03-27 00:00:00	1.153	1.192	1.104	1.179	146002147
2022-03-28 00:00:00	1.179	1.246	1.157	1.188	254486322
2022-03-29 00:00:00	1.189	1.243	1.168	1.184	174864999
2022-03-30 00:00:00	1.184	1.218	1.161	1.189	144441873
2022-03-31 00:00:00	1.189	1.228	1.133	1.147	180946609
2022-04-01 00:00:00	1.147	1.188	1.104	1.183	190740665
2022-04-02 00:00:00	1.183	1.195	1.145	1.161	103552315
2022-04-03 00:00:00	1.161	1.2	1.142	1.168	85311689
2022-04-04 00:00:00	1.168	1.245	1.161	1.212	247466292
2022-04-05 00:00:00	1.212	1.218	1.119	1.15	136355600
2022-04-06 00:00:00	1.15	1.159	1.038	1.045	185300366
2022-04-07 00:00:00	1.045	1.101	1.044	1.082	92004998
2022-04-08 00:00:00	1.083	1.1	1.019	1.038	89315767
2022-04-09 00:00:00	1.039	1.047	1.021	1.04	46324567
2022-04-10 00:00:00	1.04	1.07	1.011	1.023	58605153
2022-04-11 00:00:00	1.022	1.033	0.915	0.925	157769148
2022-04-12 00:00:00	0.925	0.982	0.918	0.948	110859757
2022-04-13 00:00:00	0.948	0.981	0.934	0.973	82640192
2022-04-14 00:00:00	0.973	0.985	0.923	0.933	84971371
2022-04-15 00:00:00	0.933	0.962	0.932	0.958	41864412
2022-04-16 00:00:00	0.957	0.962	0.937	0.95	35232670
2022-04-17 00:00:00	0.95	0.963	0.912	0.919	45816754
2022-04-18 00:00:00	0.919	0.947	0.874	0.939	120250050
2022-04-19 00:00:00	0.94	0.957	0.927	0.942	73718370
2022-04-20 00:00:00	0.942	0.976	0.93	0.941	92952632
2022-04-21 00:00:00	0.94	0.971	0.891	0.917	108003581
2022-04-22 00:00:00	0.917	0.924	0.891	0.9	78327805
2022-04-23 00:00:00	0.9	0.906	0.881	0.888	35062080
2022-04-24 00:00:00	0.888	0.899	0.853	0.859	62509205
2022-04-25 00:00:00	0.858	0.904	0.826	0.894	165098732
2022-04-26 00:00:00	0.894	0.899	0.815	0.827	183490759
2022-04-27 00:00:00	0.827	0.856	0.825	0.842	138162628
2022-04-28 00:00:00	0.842	0.853	0.826	0.845	133667927
2022-04-29 00:00:00	0.845	0.85	0.789	0.812	139937605
2022-04-30 00:00:00	0.812	0.818	0.735	0.759	155761598
2022-05-01 00:00:00	0.759	0.8	0.745	0.791	132492579
2022-05-02 00:00:00	0.791	0.797	0.764	0.78	125175966
2022-05-03 00:00:00	0.78	0.799	0.761	0.777	99140096
2022-05-04 00:00:00	0.777	0.906	0.776	0.893	265979979
2022-05-05 00:00:00	0.893	0.904	0.772	0.787	360784980
2022-05-06 00:00:00	0.787	0.8	0.763	0.779	238447427
2022-05-07 00:00:00	0.779	0.786	0.747	0.754	128490541
2022-05-08 00:00:00	0.754	0.761	0.725	0.75	173863427
2022-05-09 00:00:00	0.75	0.754	0.583	0.622	521209813
2022-05-10 00:00:00	0.622	0.701	0.607	0.629	398089910
2022-05-11 00:00:00	0.629	0.663	0.473	0.534	640932619
2022-05-12 00:00:00	0.534	0.542	0.402	0.499	804312447
2022-05-13 00:00:00	0.499	0.609	0.492	0.538	449071356
2022-05-14 00:00:00	0.538	0.557	0.489	0.529	246605501
2022-05-15 00:00:00	0.529	0.605	0.515	0.604	199498985
2022-05-16 00:00:00	0.604	0.615	0.544	0.565	277652430
2022-05-17 00:00:00	0.565	0.6	0.551	0.576	178119596
2022-05-18 00:00:00	0.576	0.576	0.503	0.51	203814466
2022-05-19 00:00:00	0.51	0.547	0.492	0.534	202679762
2022-05-20 00:00:00	0.534	0.545	0.501	0.516	172090355
2022-05-21 00:00:00	0.516	0.539	0.509	0.529	84572252
2022-05-22 00:00:00	0.529	0.549	0.522	0.545	106575517
2022-05-23 00:00:00	0.545	0.56	0.504	0.515	192616400
2022-05-24 00:00:00	0.515	0.526	0.493	0.519	166625634
2022-05-25 00:00:00	0.519	0.533	0.507	0.518	135958594
2022-05-26 00:00:00	0.518	0.519	0.461	0.476	247794613
2022-05-27 00:00:00	0.476	0.479	0.445	0.462	264504006
2022-05-28 00:00:00	0.462	0.469	0.448	0.465	103302793
2022-05-29 00:00:00	0.465	0.485	0.456	0.478	89097509
2022-05-30 00:00:00	0.478	0.579	0.478	0.573	271795153
2022-05-31 00:00:00	0.573	0.689	0.572	0.629	665798546
2022-06-01 00:00:00	0.63	0.63	0.536	0.564	360676153
2022-06-02 00:00:00	0.564	0.6	0.553	0.589	295580399
2022-06-03 00:00:00	0.588	0.606	0.539	0.557	198589270
2022-06-04 00:00:00	0.557	0.572	0.545	0.561	107627658
2022-06-05 00:00:00	0.561	0.586	0.554	0.584	99956218
2022-06-06 00:00:00	0.584	0.647	0.58	0.583	361479577
2022-06-07 00:00:00	0.583	0.645	0.572	0.616	319193165
2022-06-08 00:00:00	0.616	0.67	0.609	0.638	401435939
2022-06-09 00:00:00	0.638	0.658	0.613	0.622	190770359
2022-06-10 00:00:00	0.622	0.636	0.57	0.582	263615512
2022-06-11 00:00:00	0.583	0.618	0.543	0.554	302381651
2022-06-12 00:00:00	0.554	0.555	0.47	0.472	427712616
2022-06-13 00:00:00	0.472	0.495	0.437	0.451	750359190
2022-06-14 00:00:00	0.451	0.52	0.437	0.48	598732932
2022-06-15 00:00:00	0.479	0.547	0.448	0.535	633483869
2022-06-16 00:00:00	0.535	0.542	0.467	0.48	349107348
2022-06-17 00:00:00	0.48	0.504	0.479	0.49	218053387
2022-06-18 00:00:00	0.49	0.492	0.421	0.451	388449917
2022-06-19 00:00:00	0.451	0.49	0.436	0.472	306764476
2022-06-20 00:00:00	0.472	0.509	0.461	0.487	260229352